source,precompshenav,condinsp,godcontent,DBIG_1,DBIG_2,DBIG_3,DBIG_4,DBIG_5,DBIG_6,DBIG_7,REI_3,REI_4,REI_5,REI_6,REI_7,REI_8,REI_9,REI_10,REI_11,REI_12,REI_13,REI_14,REI_15,REI_16,REI_17,REI_18,REI_19,REI_20,REI_21,REI_22,REI_23,REI_24,REI_25,REI_26,REI_27,REI_28,REI_29,REI_30,REI_31,REI_32,REI_34,contrast,contrast2,compbigd,comprati,compintu,Zprecompshenav,Zcomprati,Zcompintu,int1,int2,int3,int4,int5,int6,hirati,lorati,hiint4,loint4
2,6,2,0,1,2,1,3,3,4,2,3,2,2,2,2,3,2,2,2,3,2,3,2,2,4,3,4,3,4,3,4,4,4,4,3,3,3,4,3,4,2,-1,1,2.28571428571429,5,3.5,.156730741552798,.121655567043729,-.00716508820547745,-.156730741552798,.156730741552798,.00716508820547745,-.121655567043729,-.00716508820547745,.121655567043729,-.878344432956271,1.12165556704373,.878344432956271,-1.12165556704373
2,8,3,0,3,3,3,3,3,3,3, , , , , , , , , , , , , , , , , , , , , , , , , , , , , , , ,-1,-1,3, , ,.847012943710864, , ,-.847012943710864,-.847012943710864, , , , , , , , 
2,5.5,3,0,4,3,2,4,3,3,3,3,3,3,3,3,3,3,3,4,3,3,2,2,3,4,3,2,4,2,2,4,2,2,2,4,3,2,2,2,3,4,-1,-1,3.14285714285714,4.47368421052632,2.58333333333333,-.0158398089867185,-.758405981783254,-1.6150108815141,.0158398089867185,.0158398089867185,1.6150108815141,.758405981783254,1.6150108815141,.758405981783254,-1.75840598178325,.241594018216746,1.75840598178325,-.241594018216746
2,1,3,0,1,1,2,1,2,2,3,4,1,2,1,2,4,1,4,1,4,1,5,3,2,4,4,2,3,2,2,2,3,3,3,3,2,4,2,4,2,2,-1,-1,1.71428571428571,5.52631578947368,2.75,-1.56897476384237,1.00171711587071,-1.32267528273071,1.56897476384237,1.56897476384237,1.32267528273071,-1.00171711587071,1.32267528273071,-1.00171711587071,.0017171158707121,2.00171711587071,-.0017171158707121,-2.00171711587071
2,1,2,0,1,1,1,1,2,5,5,4,1,1,1,1,5,1,1,1,4,1,4,1,1,4,1,1,4,4,4,4,4,4,4,4,4,4,5,4,1,1,-1,1,2.28571428571429,6.26315789473684,4.08333333333333,-1.56897476384237,2.23380328422849,1.01600950753637,1.56897476384237,-1.56897476384237,-1.01600950753637,-2.23380328422849,1.01600950753637,2.23380328422849,1.23380328422849,3.23380328422849,-1.23380328422849,-3.23380328422849
2,10,1,0,3,4,4,5,5,1,5,4,2,1,2,1,4,2,2,1,4,1,5,1,4,4,1,2,5,5,5,5,4,5,5,4,2,5,2,5,1,1,2,0,3.85714285714286,5.84210526315789,4.33333333333333,1.53729514586893,1.5297540451669,1.45451290571145,3.07459029173786,0,2.9090258114229,3.0595080903338,0,0,.529754045166902,2.5297540451669,1.0595080903338,5.0595080903338
2,9,1,0,5,5,2,1,1,1,1,4,4,3,2,3,4,1,1,1,5,1,4,1,3,3,3,2,4,2,4,4,4,4,4,3,3,1,4,5,5,3,2,0,2.28571428571429,5.21052631578947,3.5,1.1921540447899,.473680186574522,-.00716508820547745,2.38430808957979,0,-.0143301764109549,.947360373149044,0,0,-.526319813425478,1.47368018657452,-1.05263962685096,2.94736037314904
2,10,2,0,5,5,5,5,5,5,5,4,2,2,2,2,4,2,2,2,4,4,4,3,2,4,1,2,4,4,4,4,4,4,5,4,2,4,3,5,2,2,-1,1,5,5.36842105263158,3.91666666666667,1.53729514586893,.737698651222617,.723673908752987,-1.53729514586893,1.53729514586893,-.723673908752987,-.737698651222617,.723673908752987,.737698651222617,-.262301348777383,1.73769865122262,.262301348777383,-1.73769865122262
2,5.5,1,0,2,2,2,2,2,2,2,3,1,2,5,2,1,4,4,4,1,2,1,2,4,3,2,4,2,3,2,4,5,2,2,3,2,4,4,3,2,2,2,0,2,4.26315789473684,3,-.0158398089867185,-1.11043060131405,-.884171884555635,-.031679617973437,0,-1.76834376911127,-2.22086120262809,0,0,-2.11043060131405,-.110430601314047,-4.22086120262809,-.220861202628093
2,5,3,0,1,2,2,3,3,3,2,3,3,4,1,1,3,2,3,1,4,3,4,2,2,3,2,4,3,4,4,3,4,4,4,4,4,3,3,4,2,2,-1,-1,2.28571428571429,5.10526315789474,3.66666666666667,-.188410359526235,.297667876809126,.285170510577908,.188410359526235,.188410359526235,-.285170510577908,-.297667876809126,-.285170510577908,-.297667876809126,-.702332123190874,1.29766787680913,.702332123190874,-1.29766787680913
2,1.5,1,0,1,1,2,2,3,1,2,4,2,2,2,2,3,1,2,2,2,2,4,1,2,4,2,3,3,4,4,4,4,4,4,4,3,4,4,4,2,3,2,0,1.71428571428571,5.31578947368421,3.83333333333333,-1.39640421330285,.649692496339919,.577506109361294,-2.7928084266057,0,1.15501221872259,1.29938499267984,0,0,-.350307503660081,1.64969249633992,-.700615007320161,3.29938499267984
2,7,2,0,1,2,3,2,2,2,1,4,2,2,2,2,3,2,2,2,2,2,4,2,2,4,2,4,4,4,4,4,4,4,2,4,2,2,4,4,2,2,-1,1,1.85714285714286,5.21052631578947,3.5,.501871842631831,.473680186574522,-.00716508820547745,-.501871842631831,.501871842631831,.00716508820547745,-.473680186574522,-.00716508820547745,.473680186574522,-.526319813425478,1.47368018657452,.526319813425478,-1.47368018657452
2,10,3,1,5,4,1,1,1,1,5,4,3,4,4,5,3,3,4,3,3,3,3,3,4,4,3,4,4,4,4,5,3,4,3,4,4,4,3,4,4,4,-1,-1,2.57142857142857,4.10526315789474,3.83333333333333,1.53729514586893,-1.37444906596214,.577506109361294,-1.53729514586893,-1.53729514586893,-.577506109361294,1.37444906596214,-.577506109361294,1.37444906596214,-2.37444906596214,-.374449065962142,2.37444906596214,.374449065962142
2,10,3,0,3,5,5,5,5,5,3,2,2,2,2,2,4,2,3,2,4,2,4,4,4,4,2,4,4,4,4,4,3,4,4,4,3,4,3,4,3,2,-1,-1,4.42857142857143,4.94736842105263,3.75,1.53729514586893,.0336494121610314,.431338309969601,-1.53729514586893,-1.53729514586893,-.431338309969601,-.0336494121610314,-.431338309969601,-.0336494121610314,-.966350587838969,1.03364941216103,.966350587838969,-1.03364941216103
2,8,1,0,3,4,5,5,5,5,5,2,2,3,3,2,2,3,2,3,1,2,2,4,3,3,3,4,3,4,5,5,3,2,4,4,2,4,1,4,3,2,2,0,4.57142857142857,4.36842105263158,3.41666666666667,.847012943710864,-.934418291548651,-.153332887597171,1.69402588742173,0,-.306665775194341,-1.8688365830973,0,0,-1.93441829154865,.065581708451349,-3.8688365830973,.131163416902698
2,5,2,0,1,1,1,5,2,2,1,4,2,2,2,2,4,1,2,4,5,2,3,3,2,2,4,2,3,3,4,3,2,2,2,4,2,4,4,4,4,2,-1,1,1.85714285714286,5.05263157894737,3.08333333333333,-.188410359526235,.209661721926427,-.738004085163941,.188410359526235,-.188410359526235,.738004085163941,-.209661721926427,-.738004085163941,.209661721926427,-.790338278073573,1.20966172192643,.790338278073573,-1.20966172192643
2,6,3,0,2,2,3,3,2,2,1,3,3,3,3,2,3,3,2,3,4,3,3,4,3,3,3,3,4,4,4,4,3,4,4,4,3,4,2,4,3,3,-1,-1,2.14285714285714,4.57894736842105,3.66666666666667,.156730741552798,-.582393672017858,.285170510577908,-.156730741552798,-.156730741552798,-.285170510577908,.582393672017858,-.285170510577908,.582393672017858,-1.58239367201786,.417606327982142,1.58239367201786,-.417606327982142
2,6,2,0,2,2,3,4,4,4,5,2,2,2,2,2,3,2,2,2,4,1,2,2,4,3,2,2,4,4,4,4,4,4,4,4,2,4,4,4,2,2,-1,1,3.42857142857143,5.10526315789474,3.83333333333333,.156730741552798,.297667876809126,.577506109361294,-.156730741552798,.156730741552798,-.577506109361294,-.297667876809126,.577506109361294,.297667876809126,-.702332123190874,1.29766787680913,.702332123190874,-1.29766787680913
2,2,2,0,1,1,2,2,2,3,4,4,2,2,2,2,4,2,2,1,4,2,4,4,2,4,3,3,4,4,4,4,4,4,4,5,4,3,4,3,3,2,-1,1,2.14285714285714,5.26315789473684,3.91666666666667,-1.22383366276333,.561686341457221,.723673908752987,1.22383366276333,-1.22383366276333,-.723673908752987,-.561686341457221,.723673908752987,.561686341457221,-.438313658542779,1.56168634145722,.438313658542779,-1.56168634145722
2,6.5,2,0,3,4,3,3,2,2,1,3,2,2,2,2,3,2,2,3,3,1,4,3,2,3,2,3,2,1,3,3,2,4,2,1,2,3,3,2,1,3,-1,1,2.57142857142857,5.15789473684211,2.33333333333333,.329301292092315,.385674031691824,-2.05351427968918,-.329301292092315,.329301292092315,2.05351427968918,-.385674031691824,-2.05351427968918,.385674031691824,-.614325968308176,1.38567403169182,.614325968308176,-1.38567403169182
2,8,1,0,4,4,4,3,3,3,3,3,3,2,3,3,3,3,3,3,3,2,4,2,2,4,2,2,4,4,4,4,4,4,3,4,4,5,4,4,3,2,2,0,3.42857142857143,4.94736842105263,4,.847012943710864,.0336494121610314,.86984170814468,1.69402588742173,0,1.73968341628936,.0672988243220627,0,0,-.966350587838969,1.03364941216103,-1.93270117567794,2.06729882432206
2,1,1,0,3,4,5,5,5,4,3,4,2,3,2,2,2,2,4,2,5,2,4,1,4,2,5,4,4,4,3,3,2,5,3,4,2,4,3,4,2,2,2,0,4.14285714285714,4.84210526315789,3.41666666666667,-1.56897476384237,-.142362897604366,-.153332887597171,-3.13794952768473,0,-.306665775194341,-.284725795208732,0,0,-1.14236289760437,.857637102395634,-2.28472579520873,1.71527420479127
2,7.5,3,0,5,1,1,1,1,1,1,1,5,5,5,3,4,5,4,3,5,3,1,5,1,5,5,5,5,5,5,5,5,5,5,5,1,5,5,5,5,5,-1,-1,1.57142857142857,3.63157894736842,4.66666666666667,.674442393171348,-2.16650445990643,2.03918410327822,-.674442393171348,-.674442393171348,-2.03918410327822,2.16650445990643,-2.03918410327822,2.16650445990643,-3.16650445990643,-1.16650445990643,3.16650445990643,1.16650445990643
2,10,3,0,5,5,5,4,1,1,1,3,3,2,3,3,4,4,4,4,4,2,2,3,1,4,4,3,4,4,5,4,3,2,3,3,4,4,4,4,2,5,-1,-1,3.14285714285714,4.52631578947368,3.66666666666667,1.53729514586893,-.670399826900556,.285170510577908,-1.53729514586893,-1.53729514586893,-.285170510577908,.670399826900556,-.285170510577908,.670399826900556,-1.67039982690056,.329600173099444,1.67039982690056,-.329600173099444
2,10,3,1,5,5,5,5,5,5,5,4,2,2,4,3,2,3,3,3,5,4,5,4,4,4,2,5,5,5,5,5,5,5,4,5,5,4,5,4,2,4,-1,-1,5,4.57894736842105,4.75,1.53729514586893,-.582393672017858,2.18535190266992,-1.53729514586893,-1.53729514586893,-2.18535190266992,.582393672017858,-2.18535190266992,.582393672017858,-1.58239367201786,.417606327982142,1.58239367201786,-.417606327982142
2,10,2,0,3,5,5,5,5,5,5,3,2,3,2,2,4,1,2,2,4,2,2,2,3,4,2,2,3,3,2,2,3,3,2,3,2,3,3,3,2,2,-1,1,4.71428571428571,5.26315789473684,2.66666666666667,1.53729514586893,.561686341457221,-1.46884308212241,-1.53729514586893,1.53729514586893,1.46884308212241,-.561686341457221,-1.46884308212241,.561686341457221,-.438313658542779,1.56168634145722,.438313658542779,-1.56168634145722
2,4.5,3,0,1,1,2,3,3,3,4,3,2,2,2,2,3,3,4,2,4,1,4,1,2,2,3,2,5,5,5,4,4,5,4,5,2,5,2,4,2,2,-1,-1,2.42857142857143,5.15789473684211,4.16666666666667,-.360980910065752,.385674031691824,1.16217730692807,.360980910065752,.360980910065752,-1.16217730692807,-.385674031691824,-1.16217730692807,-.385674031691824,-.614325968308176,1.38567403169182,.614325968308176,-1.38567403169182
2,1,1,0,3,4,3,4,4,4,3,4,4,4,3,2,3,2,3,4,3,3,2,4,3,3,4,3,4,3,4,2,4,4,2,2,3,4,3,3,3,3,2,0,3.57142857142857,4.31578947368421,3.16666666666667,-1.56897476384237,-1.02242444643135,-.591836285772249,-3.13794952768473,0,-1.1836725715445,-2.0448488928627,0,0,-2.02242444643135,-.0224244464313488,-4.0448488928627,-.0448488928626976
2,10,3,0,2,5,5,1,5,1,1,4,2,3,2,4,2,1,2,1,3,3,2,3,1,3,2,5,2,3,2,2,3,2,2,1,1,2,4,2,4,2,-1,-1,2.85714285714286,4.78947368421053,2.16666666666667,1.53729514586893,-.230369052487064,-2.34584987847256,-1.53729514586893,-1.53729514586893,2.34584987847256,.230369052487064,2.34584987847256,.230369052487064,-1.23036905248706,.769630947512936,1.23036905248706,-.769630947512936
2,7,2,0,4,4,1,3,1,1,1,3,3,3,3,1,2,4,3,1,3,2,4,2,2,4,4,3,3,4,3,4,3,4,2,3,4,3,4,4,3,3,-1,1,2.14285714285714,4.78947368421053,3.41666666666667,.501871842631831,-.230369052487064,-.153332887597171,-.501871842631831,.501871842631831,.153332887597171,.230369052487064,-.153332887597171,-.230369052487064,-1.23036905248706,.769630947512936,1.23036905248706,-.769630947512936
2,2,1,0,1,1,2,3,3,1,3,4,2,2,2,1,4,1,2,2,5,1,3,2,2,4,2,3,2,4,4,4,3,3,3,5,1,2,3,3,2,2,2,0,2,5.57894736842105,3.08333333333333,-1.22383366276333,1.08972327075341,-.738004085163941,-2.44766732552667,0,-1.47600817032788,2.17944654150682,0,0,.0897232707534101,2.08972327075341,.17944654150682,4.17944654150682
2,7.5,2,1,4,4,3,4,1,1,1,4,4,4,3,4,3,2,2,3,1,5,2,2,2,3,2,2,5,5,4,4,5,4,4,4,3,4,1,3,4,3,-1,1,2.57142857142857,4.36842105263158,3.83333333333333,.674442393171348,-.934418291548651,.577506109361294,-.674442393171348,.674442393171348,-.577506109361294,.934418291548651,.577506109361294,-.934418291548651,-1.93441829154865,.065581708451349,1.93441829154865,-.065581708451349
2,4,1,0,1,2,3,3,4,4,4,4,1,1,1,2,4,1,2,1,4,1,5,2,1,4,2,5,3,4,2,1,2,3,2,2,2,4,4,2,2,1,2,0,3,5.78947368421053,2.58333333333333,-.533551460605268,1.4417478902842,-1.6150108815141,-1.06710292121054,0,-3.2300217630282,2.88349578056841,0,0,.441747890284204,2.4417478902842,.883495780568409,4.88349578056841
2,5,2,0,1,1,2,3,3,3,4,3,5,3,2,2,3,4,3,2,3,3,3,3,3,3,3,1,4,4,4,2,4,2,3,4,4,4,4,4,3,4,-1,1,2.42857142857143,4.52631578947368,3.58333333333333,-.188410359526235,-.670399826900556,.139002711186216,.188410359526235,-.188410359526235,-.139002711186216,.670399826900556,.139002711186216,-.670399826900556,-1.67039982690056,.329600173099444,1.67039982690056,-.329600173099444
2,4,3,0,1,1,1,3,3,1,2,5,1,3,1,1,3,1,1,1,5,1,3,5,3,3,1,3,3,3,5,5,5,5,3,3,1,4,5,5,3,5,-1,-1,1.71428571428571,5.31578947368421,3.91666666666667,-.533551460605268,.649692496339919,.723673908752987,.533551460605268,.533551460605268,-.723673908752987,-.649692496339919,-.723673908752987,-.649692496339919,-.350307503660081,1.64969249633992,.350307503660081,-1.64969249633992
2,6,3,0,2,2,3,3,3,4,4,4,1,3,1,2,2,2,2,4,4,1,5,2,2,3,4,4,4,4,5,5,5,4,4,2,3,4,4,4,1,1,-1,-1,3,5.26315789473684,4,.156730741552798,.561686341457221,.86984170814468,-.156730741552798,-.156730741552798,-.86984170814468,-.561686341457221,-.86984170814468,-.561686341457221,-.438313658542779,1.56168634145722,.438313658542779,-1.56168634145722
2,8,1,0,2,3,4,4,2,2,5,4,2,3,3,2,2,3,3,3,4,3,3,2,3,3,4,4,4,4,4,4,4,4,4,5,3,4,4,4,3,3,2,0,3.14285714285714,4.57894736842105,4,.847012943710864,-.582393672017858,.86984170814468,1.69402588742173,0,1.73968341628936,-1.16478734403572,0,0,-1.58239367201786,.417606327982142,-3.16478734403572,.835212655964284
2,10,2,0,4,4,5,5,5,5,5,3,3,2,3,4,2,2,2,2,4,1,3,3,4,2,2,4,3,4,4,4,3,3,4,3,2,3,2,2,2,2,-1,1,4.71428571428571,4.73684210526316,3.08333333333333,1.53729514586893,-.318375207369763,-.738004085163941,-1.53729514586893,1.53729514586893,.738004085163941,.318375207369763,-.738004085163941,-.318375207369763,-1.31837520736976,.681624792630237,1.31837520736976,-.681624792630237
2,6.5,1,0,5,5,5,5,1,1,5,2,2,1,2,2,2,3,2,2,4,4,3,2,2,2,2,4,4,4,3,4,2,4,3,3,5,2,4,3,3,2,2,0,3.85714285714286,4.84210526315789,3.41666666666667,.329301292092315,-.142362897604366,-.153332887597171,.658602584184629,0,-.306665775194341,-.284725795208732,0,0,-1.14236289760437,.857637102395634,-2.28472579520873,1.71527420479127
2,2,3,0,1,2,2,1,2,2,4,4,1,1,1,2,4,1,1,1,5,1,4,1,1,5,1,1,2,1,2,1,1,2,1,2,1,4,2,4,1,1,-1,-1,2,6.26315789473684,1.91666666666667,-1.22383366276333,2.23380328422849,-2.78435327664764,1.22383366276333,1.22383366276333,2.78435327664764,-2.23380328422849,2.78435327664764,-2.23380328422849,1.23380328422849,3.23380328422849,-1.23380328422849,-3.23380328422849
2,10,1,1,2,3,5,5,5,5,5,2,2,2,1,2,3,3,2,3,3,2,3,2,2,2,2,3,3,4,4,3,3,3,3,4,2,2,3,2,1,2,2,0,4.28571428571429,5.05263157894737,3,1.53729514586893,.209661721926427,-.884171884555635,3.07459029173786,0,-1.76834376911127,.419323443852854,0,0,-.790338278073573,1.20966172192643,-1.58067655614715,2.41932344385285
2,1,3,0,1,1,2,2,2,3,3,3,2,2,2,1,3,2,2,2,2,2,3,1,2,3,2,3,4,3,4,4,2,4,4,4,3,4,5,4,2,2,-1,-1,2,5.21052631578947,3.75,-1.56897476384237,.473680186574522,.431338309969601,1.56897476384237,1.56897476384237,-.431338309969601,-.473680186574522,-.431338309969601,-.473680186574522,-.526319813425478,1.47368018657452,.526319813425478,-1.47368018657452
2,5,3,0,2,2,2,2,2,2,2,2,3,3,3,2,3,4,4,3,3,3,3,1,4,3,4,4,4,4,3,4,3,4,4,4,4,3,2,2,3,4,-1,-1,2,4.26315789473684,3.41666666666667,-.188410359526235,-1.11043060131405,-.153332887597171,.188410359526235,.188410359526235,.153332887597171,1.11043060131405,.153332887597171,1.11043060131405,-2.11043060131405,-.110430601314047,2.11043060131405,.110430601314047
2,7,3,0,1,3,5,1,1,1,1,1,5,5,5,5,1,5,5,5,5,5,1,5,5,1,5,5,1,3,1,3,1,3,1,1,1,1,1,1,5,5,-1,-1,1.85714285714286,2.68421052631579,1.5,.501871842631831,-3.750615247795,-3.51519227360611,-.501871842631831,-.501871842631831,3.51519227360611,3.750615247795,3.51519227360611,3.750615247795,-4.750615247795,-2.750615247795,4.750615247795,2.750615247795
2,5.5,2,0,5,5,5,1,1,1,1,3,4,5,5,3,5,3,3,4,3,5,2,3,4,3,3,3,3,3,2,3,3,3,5,2,4,5,4,5,3,3,-1,1,2.71428571428571,4.05263157894737,3.5,-.0158398089867185,-1.46245522084484,-.00716508820547745,.0158398089867185,-.0158398089867185,.00716508820547745,1.46245522084484,-.00716508820547745,-1.46245522084484,-2.46245522084484,-.462455220844841,2.46245522084484,.462455220844841
2,8,2,0,1,3,1,3,1,2,4,3,3,4,2,3,3,3,3,3,4,3,3,3,3,3,3,3,3,3,3,3,3,3,3,3,3,3,3,3,3,3,-1,1,2.14285714285714,4.52631578947368,3,.847012943710864,-.670399826900556,-.884171884555635,-.847012943710864,.847012943710864,.884171884555635,.670399826900556,-.884171884555635,-.670399826900556,-1.67039982690056,.329600173099444,1.67039982690056,-.329600173099444
2,6.5,2,0,3,2,4,1,5,5,1,3,1,1,1,2,3,2,3,1,3,1,3,3,2,1,1,4,5,4,5,5,4,4,3,5,4,1,3,1,2,3,-1,1,3,5.15789473684211,3.66666666666667,.329301292092315,.385674031691824,.285170510577908,-.329301292092315,.329301292092315,-.285170510577908,-.385674031691824,.285170510577908,.385674031691824,-.614325968308176,1.38567403169182,.614325968308176,-1.38567403169182
2,3,3,0,2,2,2,3,3,2,1,3,4,4,2,4,2,3,4,3,2,3,4,4,3,3,4,4,3,4,4,4,4,4,2,5,3,4,2,4,2,4,-1,-1,2.14285714285714,4.10526315789474,3.58333333333333,-.878692561684301,-1.37444906596214,.139002711186216,.878692561684301,.878692561684301,-.139002711186216,1.37444906596214,-.139002711186216,1.37444906596214,-2.37444906596214,-.374449065962142,2.37444906596214,.374449065962142
2,7,1,0,3,5,4,4,5,5,5,4,2,3,2,2,4,2,5,1,5,2,4,1,3,4,2,2,5,5,5,5,5,4,5,4,3,4,4,4,2,2,2,0,4.42857142857143,5.36842105263158,4.41666666666667,.501871842631831,.737698651222617,1.60068070510314,1.00374368526366,0,3.20136141020629,1.47539730244523,0,0,-.262301348777383,1.73769865122262,-.524602697554766,3.47539730244523
2,2,1,0,1,1,1,3,3,3,2,2,3,3,2,2,3,2,2,3,4,2,3,2,4,4,4,3,4,3,3,3,4,3,4,4,3,3,5,4,4,3,2,0,2,4.68421052631579,3.58333333333333,-1.22383366276333,-.406381362252461,.139002711186216,-2.44766732552667,0,.278005422372431,-.812762724504922,0,0,-1.40638136225246,.593618637747539,-2.81276272450492,1.18723727549508
2,1,1,0,1,1,1,1,3,5,4,2,3,2,1,1,3,3,4,1,5,2,4,2,3,4,4,4,3,3,3,3,2,2,2,3,3,3,2,3,3,3,2,0,2.28571428571429,4.94736842105263,2.66666666666667,-1.56897476384237,.0336494121610314,-1.46884308212241,-3.13794952768473,0,-2.93768616424481,.0672988243220627,0,0,-.966350587838969,1.03364941216103,-1.93270117567794,2.06729882432206
2,3,2,0,3,1,1,1,4,5,1,2,3,4,4,4,2,3,4,3,4,2,3,2,3,2,4,4,4,4,4,4,4,4,4,2,2,5,3,5,2,4,-1,1,2.28571428571429,4.15789473684211,3.75,-.878692561684301,-1.28644291107944,.431338309969601,.878692561684301,-.878692561684301,-.431338309969601,1.28644291107944,.431338309969601,-1.28644291107944,-2.28644291107944,-.286442911079444,2.28644291107944,.286442911079444
2,10,3,0,3,4,5,5,5,5,5,4,2,4,4,3,2,4,2,2,2,2,4,4,4,4,2,2,4,4,5,4,5,4,4,4,4,3,4,4,3,4,-1,-1,4.57142857142857,4.52631578947368,4.08333333333333,1.53729514586893,-.670399826900556,1.01600950753637,-1.53729514586893,-1.53729514586893,-1.01600950753637,.670399826900556,-1.01600950753637,.670399826900556,-1.67039982690056,.329600173099444,1.67039982690056,-.329600173099444
2,7,2,0,4,2,2,5,5,5,2,3,2,4,2,4,2,2,4,2,5,2,2,2,3,4,1,3,4,4,5,4,4,5,4,4,2,5,4,5,2,3,-1,1,3.57142857142857,4.84210526315789,4.16666666666667,.501871842631831,-.142362897604366,1.16217730692807,-.501871842631831,.501871842631831,-1.16217730692807,.142362897604366,1.16217730692807,-.142362897604366,-1.14236289760437,.857637102395634,1.14236289760437,-.857637102395634
2,1.5,3,0,2,1,2,3,3,2,3,1,4,5,3,4,1,4,1,5,5,5,1,2,2,3,5,5,3,1,4,2,1,5,2,5,3,1,1,2,3,1,-1,-1,2.28571428571429,3.89473684210526,2.5,-1.39640421330285,-1.72647368549294,-1.76117868090579,1.39640421330285,1.39640421330285,1.76117868090579,1.72647368549294,1.76117868090579,1.72647368549294,-2.72647368549294,-.726473685492935,2.72647368549294,.726473685492935
2,7,3,0,1,2,4,3,3,3,2,2,1,3,3,1,1,3,1,1,3,1,3,1,5,3,2,5,5,5,5,5,5,5,5,5,4,5,5,5,3,2,-1,-1,2.57142857142857,4.84210526315789,4.91666666666667,.501871842631831,-.142362897604366,2.4776875014533,-.501871842631831,-.501871842631831,-2.4776875014533,.142362897604366,-2.4776875014533,.142362897604366,-1.14236289760437,.857637102395634,1.14236289760437,-.857637102395634
2,8.5,3,0,3,3,5,5,5,5,5,4,2,4,2,2,3,2,3,1,3,2,4,2,4,4,2,1,3,4,4,4,4,4,3,4,2,3,3,3,2,2,-1,-1,4.42857142857143,5.21052631578947,3.41666666666667,1.01958349425038,.473680186574522,-.153332887597171,-1.01958349425038,-1.01958349425038,.153332887597171,-.473680186574522,.153332887597171,-.473680186574522,-.526319813425478,1.47368018657452,.526319813425478,-1.47368018657452
2,10,1,0,5,5,1,1,1,1,1,4,1,2,1,1,3,2,1,1,4,1,2,2,2,2,1,1,3,3,4,4,3,4,4,2,3,4,4,5,1,1,2,0,2.14285714285714,5.73684210526316,3.58333333333333,1.53729514586893,1.35374173540151,.139002711186216,3.07459029173786,0,.278005422372431,2.70748347080301,0,0,.353741735401505,2.35374173540151,.70748347080301,4.70748347080301
2,10,2,1,5,5,5,5,5,5,5,2,2,4,1,2,2,1,1,5,2,2,4,3,4,1,1,4,5,5,5,5,5,5,4,5,3,5,5,5,2,2,-1,1,5,4.68421052631579,4.75,1.53729514586893,-.406381362252461,2.18535190266992,-1.53729514586893,1.53729514586893,-2.18535190266992,.406381362252461,2.18535190266992,-.406381362252461,-1.40638136225246,.593618637747539,1.40638136225246,-.593618637747539
2,4.5,1,0,2,1,1,3,3,3,2,3,2,3,3,2,3,4,4,2,3,2,4,3,4,3,3,3,4,4,4,4,4,3,4,5,4,3,3,5,3,2,2,0,2.14285714285714,4.63157894736842,3.91666666666667,-.360980910065752,-.494387517135159,.723673908752987,-.721961820131503,0,1.44734781750597,-.988775034270317,0,0,-1.49438751713516,.505612482864841,-2.98877503427032,1.01122496572968
2,5,3,0,2,2,2,2,2,3,3,4,2,4,2,3,2,4,2,4,4,2,3,4,2,4,2,2,4,4,4,4,4,3,4,4,4,4,4,4,3,4,-1,-1,2.28571428571429,4.68421052631579,3.91666666666667,-.188410359526235,-.406381362252461,.723673908752987,.188410359526235,.188410359526235,-.723673908752987,.406381362252461,-.723673908752987,.406381362252461,-1.40638136225246,.593618637747539,1.40638136225246,-.593618637747539
2,10,2,0,3,3,4,4,4,3,2,3,3,4,2,3,3,3,2,4,3,3,5,4,4,4,3,3,3,5,2,4,2,4,3,3,4,4,3,2,2,2,-1,1,3.28571428571429,4.63157894736842,3.25,1.53729514586893,-.494387517135159,-.445668486380556,-1.53729514586893,1.53729514586893,.445668486380556,.494387517135159,-.445668486380556,-.494387517135159,-1.49438751713516,.505612482864841,1.49438751713516,-.505612482864841
2,10,2,0,2,3,4,4,4,5,5,3,2,2,1,3,2,4,2,2,2,1,4,4,3,4,2,2,5,5,5,5,5,4,5,4,4,4,3,4,3,2,-1,1,3.85714285714286,4.94736842105263,4.41666666666667,1.53729514586893,.0336494121610314,1.60068070510314,-1.53729514586893,1.53729514586893,-1.60068070510314,-.0336494121610314,1.60068070510314,.0336494121610314,-.966350587838969,1.03364941216103,.966350587838969,-1.03364941216103
2,4,1,0,3,3,2,4,2,3,3,3,2,2,2,4,2,2,2,3,1,1,2,2,2,2,5,4,3,3,1,3,4,2,2,1,2,1,4,4,5,2,2,0,2.85714285714286,4.42105263157895,2.5,-.533551460605268,-.846412136665952,-1.76117868090579,-1.06710292121054,0,-3.52235736181158,-1.6928242733319,0,0,-1.84641213666595,.153587863334048,-3.6928242733319,.307175726668097
2,7,3,0,2,2,3,2,3,1,1,4,1,1,1,1,5,1,2,1,3,1,4,1,1,2,1,1,3,5,4,5,4,5,4,3,4,4,4,4,1,1,-1,-1,2,6.05263157894737,4.08333333333333,.501871842631831,1.8817786646977,1.01600950753637,-.501871842631831,-.501871842631831,-1.01600950753637,-1.8817786646977,-1.01600950753637,-1.8817786646977,.881778664697695,2.88177866469769,-.881778664697695,-2.88177866469769
2,10,2,0,3,5,5,5,5,5,5,2,3,4,3,4,3,3,3,3,4,3,3,1,2,2,2,3,3,5,5,5,4,2,4,3,4,4,3,4,3,3,-1,1,4.71428571428571,4.52631578947368,3.83333333333333,1.53729514586893,-.670399826900556,.577506109361294,-1.53729514586893,1.53729514586893,-.577506109361294,.670399826900556,.577506109361294,-.670399826900556,-1.67039982690056,.329600173099444,1.67039982690056,-.329600173099444
2,10,2,0,3,4,4,5,4,2,5,4,1,4,1,1,4,1,2,2,5,1,5,2,1,4,2,2,2,5,4,3,4,2,2,4,3,3,5,3,1,1,-1,1,3.85714285714286,5.89473684210526,3.33333333333333,1.53729514586893,1.6177602000496,-.299500686988863,-1.53729514586893,1.53729514586893,.299500686988863,-1.6177602000496,-.299500686988863,1.6177602000496,.6177602000496,2.6177602000496,-.6177602000496,-2.6177602000496
2,10,2,0,3,5,5,5,5,5,5,4,4,3,2,3,3,3,2,3,4,2,4,3,2,4,2,4,4,4,4,4,4,3,3,3,3,2,2,4,3,3,-1,1,4.71428571428571,4.84210526315789,3.33333333333333,1.53729514586893,-.142362897604366,-.299500686988863,-1.53729514586893,1.53729514586893,.299500686988863,.142362897604366,-.299500686988863,-.142362897604366,-1.14236289760437,.857637102395634,1.14236289760437,-.857637102395634
2,8,1,0,4,4,5,1,2,1,1,3,1,1,2,1,4,1,1,4,5,2,4,1,2,3,1,4,4,2,3,4,3,4,4,4,4,3,3,5,1,1,2,0,2.57142857142857,5.68421052631579,3.58333333333333,.847012943710864,1.26573558051881,.139002711186216,1.69402588742173,0,.278005422372431,2.53147116103761,0,0,.265735580518807,2.26573558051881,.531471161037615,4.53147116103762
2,6,3,0,2,2,4,5,3,2,3,4,5,4,2,3,2,4,1,4,5,3,5,3,2,3,1,3,4,4,2,4,2,5,4,3,3,5,3,4,2,2,-1,-1,3,4.84210526315789,3.58333333333333,.156730741552798,-.142362897604366,.139002711186216,-.156730741552798,-.156730741552798,-.139002711186216,.142362897604366,-.139002711186216,.142362897604366,-1.14236289760437,.857637102395634,1.14236289760437,-.857637102395634
2,9,1,0,2,4,5,4,5,5,5,4,1,2,1,2,5,1,4,4,5,1,4,2,1,2,4,2,4,5,5,5,4,5,4,4,2,5,5,5,2,4,2,0,4.28571428571429,5.31578947368421,4.41666666666667,1.1921540447899,.649692496339919,1.60068070510314,2.38430808957979,0,3.20136141020629,1.29938499267984,0,0,-.350307503660081,1.64969249633992,-.700615007320161,3.29938499267984
2,10,3,0,3,5,5,5,1,1,1,3,1,1,1,1,2,1,2,1,5,1,5,1,1,3,1,3,3,5,4,4,4,5,4,3,2,5,5,5,1,1,-1,-1,3,5.94736842105263,4.08333333333333,1.53729514586893,1.7057663549323,1.01600950753637,-1.53729514586893,-1.53729514586893,-1.01600950753637,-1.7057663549323,-1.01600950753637,-1.7057663549323,.705766354932299,2.7057663549323,-.705766354932299,-2.7057663549323
2,10,3,0,5,5,5,5,5,5,5,5,4,1,1,1,2,3,1,1,4,1,3,1,1,4,3,4,2,1,2,1,2,4,1,4,1,2,4,3,1,2,-1,-1,5,5.52631578947368,2.25,1.53729514586893,1.00171711587071,-2.19968207908087,-1.53729514586893,-1.53729514586893,2.19968207908087,-1.00171711587071,2.19968207908087,-1.00171711587071,.0017171158707121,2.00171711587071,-.0017171158707121,-2.00171711587071
2,10,3,0,5,5,5,1,1,1,1,3,4,5,1,5,1,5,5,2,1,5,5,4,2,5,1,4,5,5,5,5,5,5,1,3,5,5,5,5,5,1,-1,-1,2.71428571428571,4.10526315789474,4.5,1.53729514586893,-1.37444906596214,1.74684850449484,-1.53729514586893,-1.53729514586893,-1.74684850449484,1.37444906596214,-1.74684850449484,1.37444906596214,-2.37444906596214,-.374449065962142,2.37444906596214,.374449065962142
2,6,3,0,2,2,3,3,4,2,1, , , , , , , , , , , , , , , , , , , , , , , , , , , , , , , ,-1,-1,2.42857142857143, , ,.156730741552798, , ,-.156730741552798,-.156730741552798, , , , , , , , 
2,10,3,0,5,1,1,1,1,1,1,1,3,3,3,4,3,5,2,3,4,2,4,4,2,3,2,3,5,5,4,5,3,5,3,3,1,5,5,4,1,4,-1,-1,1.57142857142857,4.52631578947368,4,1.53729514586893,-.670399826900556,.86984170814468,-1.53729514586893,-1.53729514586893,-.86984170814468,.670399826900556,-.86984170814468,.670399826900556,-1.67039982690056,.329600173099444,1.67039982690056,-.329600173099444
2,5,1,0,2,2,4,3,4,4,5,3,2,3,2,3,2,2,2,3,3,2,3,2,2,2,2,3,4,4,4,5,3,5,4,4,3,4,1,5,2,2,2,0,3.42857142857143,4.89473684210526,3.83333333333333,-.188410359526235,-.054356742721668,.577506109361294,-.37682071905247,0,1.15501221872259,-.108713485443336,0,0,-1.05435674272167,.945643257278332,-2.10871348544334,1.89128651455666
2,10,3,1,3,3,3,3,3,3,3,3,3,3,3,3,3,3,3,3,3,3,3,3,3,3,3,3,3,3,3,3,3,3,3,3,3,3,3,3,3,3,-1,-1,3,4.47368421052632,3,1.53729514586893,-.758405981783254,-.884171884555635,-1.53729514586893,-1.53729514586893,.884171884555635,.758405981783254,.884171884555635,.758405981783254,-1.75840598178325,.241594018216746,1.75840598178325,-.241594018216746
2,10,1,0,5,5,5,5,5,5,5,3,2,2,2,4,3,3,3,3,4,3,4,3,2,4,2,3,4,4,4,4,3,4,4,3,3,4,4,4,2,3,2,0,5,4.89473684210526,3.75,1.53729514586893,-.054356742721668,.431338309969601,3.07459029173786,0,.862676619939202,-.108713485443336,0,0,-1.05435674272167,.945643257278332,-2.10871348544334,1.89128651455666
2,6.5,2,0,5,5,1,1,1,1,1,3,4,3,3,2,4,3,3,4,4,4,4,4,5,3,1,4,3,4,5,4,3,3,4,4,4,4,5,5,4,4,-1,1,2.14285714285714,4.31578947368421,4,.329301292092315,-1.02242444643135,.86984170814468,-.329301292092315,.329301292092315,-.86984170814468,1.02242444643135,.86984170814468,-1.02242444643135,-2.02242444643135,-.0224244464313488,2.02242444643135,.0224244464313488
2,7.5,2,1,5,4,1,1,1,5,1,5,5,5,5,5,5,5,5,5,5,5,5,5,5,5,5,5,5,5,5,5,5,5,5,5,5,5,5,5,5,5,-1,1,2.57142857142857,3.52631578947368,5,.674442393171348,-2.34251676967182,2.62385530084499,-.674442393171348,.674442393171348,-2.62385530084499,2.34251676967182,2.62385530084499,-2.34251676967182,-3.34251676967182,-1.34251676967182,3.34251676967182,1.34251676967182
2,10,3,0,2,3,4,4,4,5,2,3,2,3,2,1,3,2,2,2,4,2,4,3,2,2,3,2,4,4,4,4,4,4,4,3,2,4,4,4,2,3,-1,-1,3.42857142857143,5.10526315789474,3.75,1.53729514586893,.297667876809126,.431338309969601,-1.53729514586893,-1.53729514586893,-.431338309969601,-.297667876809126,-.431338309969601,-.297667876809126,-.702332123190874,1.29766787680913,.702332123190874,-1.29766787680913
2,10,3,0,5,5,5,5,5,5,5,4,2,4,2,1,1,1,4,1,4,1,2,1,1,1,1,1,3,5,4,4,3,5,4,1,1,4,4,4,1,1,-1,-1,5,5.36842105263158,3.5,1.53729514586893,.737698651222617,-.00716508820547745,-1.53729514586893,-1.53729514586893,.00716508820547745,-.737698651222617,.00716508820547745,-.737698651222617,-.262301348777383,1.73769865122262,.262301348777383,-1.73769865122262
2,2,3,0,1,2,2,3,4,2,4,2,4,3,2,3,3,2,4,4,3,3,4,4,4,4,4,4,3,4,4,4,3,4,4,3,4,4,2,4,3,4,-1,-1,2.57142857142857,4.21052631578947,3.58333333333333,-1.22383366276333,-1.19843675619675,.139002711186216,1.22383366276333,1.22383366276333,-.139002711186216,1.19843675619675,-.139002711186216,1.19843675619675,-2.19843675619675,-.198436756196746,2.19843675619675,.198436756196746
2,7,2,1,5,5,2,2,2,1,1,3,1,3,2,4,1,1,4,3,5,3,5,3,3,4,1,4,5,5,4,5,5,5,5,2,5,5,5,5,4,4,-1,1,2.57142857142857,4.73684210526316,4.66666666666667,.501871842631831,-.318375207369763,2.03918410327822,-.501871842631831,.501871842631831,-2.03918410327822,.318375207369763,2.03918410327822,-.318375207369763,-1.31837520736976,.681624792630237,1.31837520736976,-.681624792630237
2,2.5,1,0,1,1,2,1,3,3,1,4,1,3,3,2,3,2,1,1,3,3,3,3,2,4,1,3,4,4,3,3,2,2,4,5,3,4,2,5,3,1,2,0,1.71428571428571,5.26315789473684,3.41666666666667,-1.05126311222382,.561686341457221,-.153332887597171,-2.10252622444764,0,-.306665775194341,1.12337268291444,0,0,-.438313658542779,1.56168634145722,-.876627317085557,3.12337268291444
2,6.5,3,0,2,3,3,4,5,5,5,3,1,3,1,1,4,1,3,1,4,1,5,1,2,3,1,2,4,4,4,4,4,5,2,4,1,2,3,3,2,1,-1,-1,3.85714285714286,5.78947368421053,3.33333333333333,.329301292092315,1.4417478902842,-.299500686988863,-.329301292092315,-.329301292092315,.299500686988863,-1.4417478902842,.299500686988863,-1.4417478902842,.441747890284204,2.4417478902842,-.441747890284204,-2.4417478902842
2,10,3,0,3,5,5,5,5,5,5,3,3,4,1,1,3,1,1,3,1,2,3,1,2,2,1,2,4,5,5,5,4,4,5,5,3,5,4,5,2,1,-1,-1,4.71428571428571,5.21052631578947,4.5,1.53729514586893,.473680186574522,1.74684850449484,-1.53729514586893,-1.53729514586893,-1.74684850449484,-.473680186574522,-1.74684850449484,-.473680186574522,-.526319813425478,1.47368018657452,.526319813425478,-1.47368018657452
2,1.5,2,0,1,1,1,1,1,5,3,4,1,1,1,1,4,1,1,1,5,1,2,1,4,3,1,1,4,4,4,4,4,4,3,4,4,4,2,5,1,1,-1,1,1.85714285714286,5.94736842105263,3.83333333333333,-1.39640421330285,1.7057663549323,.577506109361294,1.39640421330285,-1.39640421330285,-.577506109361294,-1.7057663549323,.577506109361294,1.7057663549323,.705766354932299,2.7057663549323,-.705766354932299,-2.7057663549323
2,7.5,2,0,3,5,5,5,5,5,5,3,1,1,1,1,4,2,1,1,3,1,3,1,1,3,1,3,1,3,3,3,3,5,3,1,4,5,5,5,1,1,-1,1,4.71428571428571,5.84210526315789,3.41666666666667,.674442393171348,1.5297540451669,-.153332887597171,-.674442393171348,.674442393171348,.153332887597171,-1.5297540451669,-.153332887597171,1.5297540451669,.529754045166902,2.5297540451669,-.529754045166902,-2.5297540451669
2,10,2,0,5,5,5,3,1,1,1,3,1,1,4,4,3,1,1,4,5,5,5,4,1,5,1,1,5,1,3,3,3,5,1,5,5,2,5,5,2,1,-1,1,3,5.36842105263158,3.58333333333333,1.53729514586893,.737698651222617,.139002711186216,-1.53729514586893,1.53729514586893,-.139002711186216,-.737698651222617,.139002711186216,.737698651222617,-.262301348777383,1.73769865122262,.262301348777383,-1.73769865122262
2,8.5,2,0,2,3,4,3,4,5,2,4,2,2,2,2,4,1,2,2,3,2,4,2,1,3,1,3,3,4,4,4,3,3,3,3,2,3,2,5,1,2,-1,1,3.28571428571429,5.52631578947368,3.25,1.01958349425038,1.00171711587071,-.445668486380556,-1.01958349425038,1.01958349425038,.445668486380556,-1.00171711587071,-.445668486380556,1.00171711587071,.0017171158707121,2.00171711587071,-.0017171158707121,-2.00171711587071
2,10,2,0,5,3,5,5,5,5,5,2,2,3,4,2,2,4,4,2,3,3,2,4,5,2,4,4,4,4,4,4,2,3,2,4,4,3,3,3,3,2,-1,1,4.71428571428571,4.05263157894737,3.33333333333333,1.53729514586893,-1.46245522084484,-.299500686988863,-1.53729514586893,1.53729514586893,.299500686988863,1.46245522084484,-.299500686988863,-1.46245522084484,-2.46245522084484,-.462455220844841,2.46245522084484,.462455220844841
2,6,3,0,1,5,4,3,4,4,4,5,1,1,1,5,4,1,1,1,5,1,5,1,1,5,1,1,5,5,5,5,5,5,5,5,1,5,5,5,1,1,-1,-1,3.57142857142857,6.21052631578947,4.66666666666667,.156730741552798,2.14579712934579,2.03918410327822,-.156730741552798,-.156730741552798,-2.03918410327822,-2.14579712934579,-2.03918410327822,-2.14579712934579,1.14579712934579,3.14579712934579,-1.14579712934579,-3.14579712934579
2,5.5,2,0,3,3,2,2,3,3,4,4,2,2,1,1,4,3,2,1,4,2,4,2,2,4,2,3,4,4,3,4,3,3,4,4,2,4,2,4,2,2,-1,1,2.85714285714286,5.52631578947368,3.41666666666667,-.0158398089867185,1.00171711587071,-.153332887597171,.0158398089867185,-.0158398089867185,.153332887597171,-1.00171711587071,-.153332887597171,1.00171711587071,.0017171158707121,2.00171711587071,-.0017171158707121,-2.00171711587071
2,9,1,0,3,5,5,1,1,1,1,4,3,3,2,3,3,3,3,3,4,2,2,3,2,3,3,3,3,4,3,3,4,3,4,4,3,4,3,4,2,2,2,0,2.42857142857143,4.78947368421053,3.5,1.1921540447899,-.230369052487064,-.00716508820547745,2.38430808957979,0,-.0143301764109549,-.460738104974127,0,0,-1.23036905248706,.769630947512936,-2.46073810497413,1.53926189502587
2,10,3,0,5,5,5,4,5,5,1,4,5,4,5,4,3,5,4,4,4,5,5,5,5,4,3,4,4,4,3,4,4,3,4,4,4,4,3,3,5,4,-1,-1,4.28571428571429,3.68421052631579,3.66666666666667,1.53729514586893,-2.07849830502373,.285170510577908,-1.53729514586893,-1.53729514586893,-.285170510577908,2.07849830502373,-.285170510577908,2.07849830502373,-3.07849830502373,-1.07849830502373,3.07849830502373,1.07849830502373
2,8.5,1,1,3,3,5,5,5,5,5,3,2,4,4,3,3,3,4,2,5,2,4,3,2,3,2,3,3,4,4,4,2,3,2,3,2,4,2,4,2,2,2,0,4.42857142857143,4.84210526315789,3.08333333333333,1.01958349425038,-.142362897604366,-.738004085163941,2.03916698850076,0,-1.47600817032788,-.284725795208732,0,0,-1.14236289760437,.857637102395634,-2.28472579520873,1.71527420479127
2,10,1,0,3,5,4,5,5,5,5,3,2,3,2,3,3,4,2,4,4,2,4,2,2,3,2,2,5,4,5,4,5,4,4,4,4,4,4,4,2,2,2,0,4.57142857142857,5,4.25,1.53729514586893,.121655567043729,1.30834510631976,3.07459029173786,0,2.61669021263952,.243311134087458,0,0,-.878344432956271,1.12165556704373,-1.75668886591254,2.24331113408746
2,1,2,0,5,1,4,3,3,2,1,2,3,4,2,3,3,4,1,5,3,1,3,4,2,3,3,3,3,1,1,2,4,5,2,3,2,1,2,4,1,2,-1,1,2.71428571428571,4.63157894736842,2.5,-1.56897476384237,-.494387517135159,-1.76117868090579,1.56897476384237,-1.56897476384237,1.76117868090579,.494387517135159,-1.76117868090579,-.494387517135159,-1.49438751713516,.505612482864841,1.49438751713516,-.505612482864841
2,9.5,2,0,5,5,1,1,1,1,1,4,5,3,3,2,4,3,3,3,5,3,5,2,1,3,3,4,4,4,4,4,4,4,5,4,3,5,4,4,1,4,-1,1,2.14285714285714,4.89473684210526,4.08333333333333,1.36472459532941,-.054356742721668,1.01600950753637,-1.36472459532941,1.36472459532941,-1.01600950753637,.054356742721668,1.01600950753637,-.054356742721668,-1.05435674272167,.945643257278332,1.05435674272167,-.945643257278332
2,5,2,0,1,1,2,2,3,4,1,4,2,3,2,2,4,2,2,2,4,2,4,1,2,3,2,2,3,2,2,3,2,2,3,2,3,4,4,4,2,2,-1,1,2,5.42105263157895,2.83333333333333,-.188410359526235,.825704806105316,-1.17650748333902,.188410359526235,-.188410359526235,1.17650748333902,-.825704806105316,-1.17650748333902,.825704806105316,-.174295193894684,1.82570480610532,.174295193894684,-1.82570480610532
2,10,3,0,5,5,5,1,3,1,1,2,3,3,3,3,2,3,2,4,2,3,3,2,3,3,3,3,3,3,2,2,3,3,2,2,2,3,3,3,3,3,-1,-1,3,4.36842105263158,2.58333333333333,1.53729514586893,-.934418291548651,-1.6150108815141,-1.53729514586893,-1.53729514586893,1.6150108815141,.934418291548651,1.6150108815141,.934418291548651,-1.93441829154865,.065581708451349,1.93441829154865,-.065581708451349
2,10,3,0,5,5,5,5,5,5,5,5,1,1,1,2,5,1,1,1,5,1,5,1,1,5,1,5,4,5,5,5,3,4,3,2,2,3,4,3,1,1,-1,-1,5,6.21052631578947,3.58333333333333,1.53729514586893,2.14579712934579,.139002711186216,-1.53729514586893,-1.53729514586893,-.139002711186216,-2.14579712934579,-.139002711186216,-2.14579712934579,1.14579712934579,3.14579712934579,-1.14579712934579,-3.14579712934579
2,10,2,0,1,1,1,1,1,1,1,5,1,2,5,5,1,1,3,2,1,3,2,1,3,2,2,5,2,2,2,5,1,5,5,2,5,3,1,5,5,1,-1,1,1,4.42105263157895,3.16666666666667,1.53729514586893,-.846412136665952,-.591836285772249,-1.53729514586893,1.53729514586893,.591836285772249,.846412136665952,-.591836285772249,-.846412136665952,-1.84641213666595,.153587863334048,1.84641213666595,-.153587863334048
2,5,2,0,3,3,3,3,3,3,3,3,3,3,3,3,3,3,3,3,3,3,3,3,3,3,3,3,3,3,3,3,3,3,3,3,3,3,3,3,3,3,-1,1,3,4.47368421052632,3,-.188410359526235,-.758405981783254,-.884171884555635,.188410359526235,-.188410359526235,.884171884555635,.758405981783254,-.884171884555635,-.758405981783254,-1.75840598178325,.241594018216746,1.75840598178325,-.241594018216746
2,10,2,0,5,5,4,3,1,1,1,4,1,3,1,1,4,5,3,4,1,1,1,1,1,4,1,3,4,4,5,4,4,1,3,4,3,2,2,4,1,1,-1,1,2.85714285714286,5.21052631578947,3.33333333333333,1.53729514586893,.473680186574522,-.299500686988863,-1.53729514586893,1.53729514586893,.299500686988863,-.473680186574522,-.299500686988863,.473680186574522,-.526319813425478,1.47368018657452,.526319813425478,-1.47368018657452
2,5,3,0,2,2,3,4,3,4,4, , , , , , , , , , , , , , , , , , , , , , , , , , , , , , , ,-1,-1,3.14285714285714, , ,-.188410359526235, , ,.188410359526235,.188410359526235, , , , , , , , 
2,10,1,1,3,5,5,5,5,5,5,5,1,1,1,1,5,5,2,1,5,1,5,2,3,3,1,3,4,5,5,5,5,4,3,4,2,4,3,4,1,1,2,0,4.71428571428571,5.84210526315789,4,1.53729514586893,1.5297540451669,.86984170814468,3.07459029173786,0,1.73968341628936,3.0595080903338,0,0,.529754045166902,2.5297540451669,1.0595080903338,5.0595080903338
2,3.5,3,0,1,1,1,1,4,1,1,4,1,3,1,1,3,2,4,1,2,3,4,4,3,2,3,2,4,4,4,4,1,4,2,4,2,2,2,2,4,2,-1,-1,1.42857142857143,4.89473684210526,2.91666666666667,-.706122011144785,-.054356742721668,-1.03033968394733,.706122011144785,.706122011144785,1.03033968394733,.054356742721668,1.03033968394733,.054356742721668,-1.05435674272167,.945643257278332,1.05435674272167,-.945643257278332
2,1,3,0,1,1,1,1,5,5,5,3,3,3,3,2,4,1,2,3,4,1,3,3,3,3,2,4,3,3,5,3,3,4,2,4,3,3,4,5,4,4,-1,-1,2.71428571428571,4.78947368421053,3.5,-1.56897476384237,-.230369052487064,-.00716508820547745,1.56897476384237,1.56897476384237,.00716508820547745,.230369052487064,.00716508820547745,.230369052487064,-1.23036905248706,.769630947512936,1.23036905248706,-.769630947512936
2,7.5,1,0,2,3,4,4,4,4,4,4,2,2,2,2,3,2,2,2,4,2,4,2,2,3,3,2,3,3,2,3,3,3,3,3,2,3,4,3,2,2,2,0,3.57142857142857,5.31578947368421,2.91666666666667,.674442393171348,.649692496339919,-1.03033968394733,1.3488847863427,0,-2.06067936789466,1.29938499267984,0,0,-.350307503660081,1.64969249633992,-.700615007320161,3.29938499267984
2,10,2,0,5,5,5,4,1,5,5,1,5,3,5,4,5,4,5,5,5,4,5,4,5,5,5,5,5,5,4,5,5,5,5,5,4,5,5,5,3,5,-1,1,4.28571428571429,3.73684210526316,4.83333333333333,1.53729514586893,-1.99049215014103,2.33151970206161,-1.53729514586893,1.53729514586893,-2.33151970206161,1.99049215014103,2.33151970206161,-1.99049215014103,-2.99049215014103,-.99049215014103,2.99049215014103,.99049215014103
1,1,3,0,1,1,2,2,4,2,3,2,3,3,3,2,2,2,2,3,2,2,2,2,2,3,2,2,3,2,3,3,3,2,4,3,2,3,3,3,3,2,-1,-1,2.14285714285714,4.73684210526316,2.83333333333333,-1.56897476384237,-.318375207369763,-1.17650748333902,1.56897476384237,1.56897476384237,1.17650748333902,.318375207369763,1.17650748333902,.318375207369763,-1.31837520736976,.681624792630237,1.31837520736976,-.681624792630237
1,1.5,3,0,1,1,4,5,4,5,2,4,2,5,1,3,2,3,5,3,5,3,4,2,2,4,1,3,4,4,3,4,3,4,3,4,3,4,2,4,3,4,-1,-1,3.14285714285714,4.78947368421053,3.5,-1.39640421330285,-.230369052487064,-.00716508820547745,1.39640421330285,1.39640421330285,.00716508820547745,.230369052487064,.00716508820547745,.230369052487064,-1.23036905248706,.769630947512936,1.23036905248706,-.769630947512936
1,1.5,2,1,1,1,1,2,1,1,5,4,2,2,3,4,2,4,2,4,2,4,3,4,4,4,2,3,4,4,4,4,2,3,4,4,4,4,4,3,2,3,-1,1,1.71428571428571,4.42105263157895,3.66666666666667,-1.39640421330285,-.846412136665952,.285170510577908,1.39640421330285,-1.39640421330285,-.285170510577908,.846412136665952,.285170510577908,-.846412136665952,-1.84641213666595,.153587863334048,1.84641213666595,-.153587863334048
1,2,1,0,1,1,2,2,1,1,4,3,1,4,3,3,3,3,2,3,4,2,2,2,2,2,2,2,3,3,3,3,3,2,3,3,4,3,2,4,2,2,2,0,1.71428571428571,4.89473684210526,3,-1.22383366276333,-.054356742721668,-.884171884555635,-2.44766732552667,0,-1.76834376911127,-.108713485443336,0,0,-1.05435674272167,.945643257278332,-2.10871348544334,1.89128651455666
1,1,1,0,1,1,1,1,2,2,3,4,1,1,1,2,4,1,2,1,4,2,4,2,1,5,2,2,4,4,2,3,4,2,3,4,3,4,3,4,2,2,2,0,1.57142857142857,5.84210526315789,3.33333333333333,-1.56897476384237,1.5297540451669,-.299500686988863,-3.13794952768473,0,-.599001373977726,3.0595080903338,0,0,.529754045166902,2.5297540451669,1.0595080903338,5.0595080903338
1,1,1,0,5,5,5,5,5,5,3,4,2,2,1,2,3,2,2,2,5,2,2,1,3,3,2,2,4,3,4,4,3,4,3,2,2,3,3,3,2,2,2,0,4.71428571428571,5.36842105263158,3.16666666666667,-1.56897476384237,.737698651222617,-.591836285772249,-3.13794952768473,0,-1.1836725715445,1.47539730244523,0,0,-.262301348777383,1.73769865122262,-.524602697554766,3.47539730244523
1,1.5,1,0,3,3,4,4,4,5,5,5,2,2,1,2,3,1,2,1,2,1,4,1,2,1,2,2,2,3,2,4,2,5,4,3,3,4,4,5,2,1,2,0,4,5.52631578947368,3.41666666666667,-1.39640421330285,1.00171711587071,-.153332887597171,-2.7928084266057,0,-.306665775194341,2.00343423174142,0,0,.0017171158707121,2.00171711587071,.00343423174142421,4.00343423174142
1,2,1,0,1,1,1,1,2,2,3,4,2,2,1,2,4,2,2,2,5,2,4,2,2,3,2,2,3,3,3,3,2,4,4,2,2,4,4,4,2,4,2,0,1.57142857142857,5.42105263157895,3.16666666666667,-1.22383366276333,.825704806105316,-.591836285772249,-2.44766732552667,0,-1.1836725715445,1.65140961221063,0,0,-.174295193894684,1.82570480610532,-.348590387789367,3.65140961221063
1,1,2,0,1,1,1,1,4,4,4,4,2,2,2,2,4,1,1,1,4,2,4,2,2,4,1,4,4,5,4,4,4,4,4,5,4,4,4,4,1,2,-1,1,2.28571428571429,5.63157894736842,4.16666666666667,-1.56897476384237,1.17772942563611,1.16217730692807,1.56897476384237,-1.56897476384237,-1.16217730692807,-1.17772942563611,1.16217730692807,1.17772942563611,.177729425636109,2.17772942563611,-.177729425636109,-2.17772942563611
1,1,2,0,1,2,2,2,3,4,4,4,2,1,1,2,4,2,2,1,2,3,5,2,2,2,1,3,4,4,4,4,3,4,3,4,3,5,3,5,2,3,-1,1,2.57142857142857,5.36842105263158,3.83333333333333,-1.56897476384237,.737698651222617,.577506109361294,1.56897476384237,-1.56897476384237,-.577506109361294,-.737698651222617,.577506109361294,.737698651222617,-.262301348777383,1.73769865122262,.262301348777383,-1.73769865122262
1,1,3,0,4,4,5,4,5,5,4,4,1,1,2,1,4,1,1,1,5,1,2,3,2,3,2,3,4,4,4,4,4,3,3,4,4,4,5,4,1,1,-1,-1,4.42857142857143,5.73684210526316,3.91666666666667,-1.56897476384237,1.35374173540151,.723673908752987,1.56897476384237,1.56897476384237,-.723673908752987,-1.35374173540151,-.723673908752987,-1.35374173540151,.353741735401505,2.35374173540151,-.353741735401505,-2.35374173540151
1,2,3,0,1,1,2,5,3,4,2,2,3,3,3,2,4,1,2,3,1,1,5,2,3,3,4,3,3,2,3,3,3,3,4,4,2,3,2,5,3,3,-1,-1,2.57142857142857,4.78947368421053,3.08333333333333,-1.22383366276333,-.230369052487064,-.738004085163941,1.22383366276333,1.22383366276333,.738004085163941,.230369052487064,.738004085163941,.230369052487064,-1.23036905248706,.769630947512936,1.23036905248706,-.769630947512936
1,2.5,1,0,5,5,3,3,2,3,5,4,2,1,2,2,2,2,4,1,2,1,4,2,5,4,2,2,3,3,4,4,4,4,4,4,2,3,3,2,3,2,2,0,3.71428571428571,5.10526315789474,3.33333333333333,-1.05126311222382,.297667876809126,-.299500686988863,-2.10252622444764,0,-.599001373977726,.595335753618253,0,0,-.702332123190874,1.29766787680913,-1.40466424638175,2.59533575361825
1,2,3,0,1,2,2,3,4,3,1,2,4,4,2,3,2,4,5,2,2,2,4,3,5,2,4,2,5,4,4,4,4,4,3,4,4,4,2,4,3,4,-1,-1,2.28571428571429,4.05263157894737,3.83333333333333,-1.22383366276333,-1.46245522084484,.577506109361294,1.22383366276333,1.22383366276333,-.577506109361294,1.46245522084484,-.577506109361294,1.46245522084484,-2.46245522084484,-.462455220844841,2.46245522084484,.462455220844841
1,2,3,0,1,1,1,2,5,3,2,4,2,2,1,2,4,1,2,2,5,2,4,1,1,3,2,2,3,3,4,3,3,3,2,2,2,4,2,4,1,2,-1,-1,2.14285714285714,5.73684210526316,2.91666666666667,-1.22383366276333,1.35374173540151,-1.03033968394733,1.22383366276333,1.22383366276333,1.03033968394733,-1.35374173540151,1.03033968394733,-1.35374173540151,.353741735401505,2.35374173540151,-.353741735401505,-2.35374173540151
1,3,3,0,1,4,3,3,2,1,4,3,2,4,1,2,4,1,2,3,5,1,4,2,3,3,3,4,3,4,3,4,3,5,4,2,3,4,4,4,2,2,-1,-1,2.57142857142857,5.21052631578947,3.58333333333333,-.878692561684301,.473680186574522,.139002711186216,.878692561684301,.878692561684301,-.139002711186216,-.473680186574522,-.139002711186216,-.473680186574522,-.526319813425478,1.47368018657452,.526319813425478,-1.47368018657452
1,2,1,0,2,3,4,5,4,3,2,3,2,4,3,2,3,4,4,2,3,4,3,4,4,3,3,4,2,4,3,4,3,4,2,4,3,4,5,4,4,3,2,0,3.28571428571429,4.21052631578947,3.5,-1.22383366276333,-1.19843675619675,-.00716508820547745,-2.44766732552667,0,-.0143301764109549,-2.39687351239349,0,0,-2.19843675619675,-.198436756196746,-4.39687351239349,-.396873512393492
1,2,2,1,1,1,1,1,4,3,3,4,2,3,2,2,2,2,2,3,4,2,4,4,2,3,3,2,3,3,2,3,2,3,1,2,2,3,1,3,2,3,-1,1,2,5,2.33333333333333,-1.22383366276333,.121655567043729,-2.05351427968918,1.22383366276333,-1.22383366276333,2.05351427968918,-.121655567043729,-2.05351427968918,.121655567043729,-.878344432956271,1.12165556704373,.878344432956271,-1.12165556704373
1,3.5,2,0,1,1,2,2,2,3,3,2,3,1,4,2,1,2,4,2,2,1,4,3,2,5,2,5,4,4,4,3,4,4,1,5,2,5,2,4,4,3,-1,1,2,4.63157894736842,3.5,-.706122011144785,-.494387517135159,-.00716508820547745,.706122011144785,-.706122011144785,.00716508820547745,.494387517135159,-.00716508820547745,-.494387517135159,-1.49438751713516,.505612482864841,1.49438751713516,-.505612482864841
1,2,3,0,1,1,1,1,3,4,4,4,2,1,1,1,4,1,2,1,4,2,4,2,2,4,2,2,3,3,4,3,4,4,4,3,4,4,1,4,1,2,-1,-1,2.14285714285714,5.78947368421053,3.41666666666667,-1.22383366276333,1.4417478902842,-.153332887597171,1.22383366276333,1.22383366276333,.153332887597171,-1.4417478902842,.153332887597171,-1.4417478902842,.441747890284204,2.4417478902842,-.441747890284204,-2.4417478902842
1,2,3,0,2,1,3,3,2,3,4,3,3,3,2,2,4,2,2,2,3,2,4,2,2,2,2,2,5,4,5,4,4,4,3,5,4,4,4,3,4,2,-1,-1,2.57142857142857,5.05263157894737,4.08333333333333,-1.22383366276333,.209661721926427,1.01600950753637,1.22383366276333,1.22383366276333,-1.01600950753637,-.209661721926427,-1.01600950753637,-.209661721926427,-.790338278073573,1.20966172192643,.790338278073573,-1.20966172192643
1,3,1,0,1,1,1,3,3,3,4,3,2,4,1,2,4,2,2,2,4,2,4,2,1,2,2,4,4,4,4,4,4,5,4,4,2,4,1,4,2,2,2,0,2.28571428571429,5.21052631578947,3.66666666666667,-.878692561684301,.473680186574522,.285170510577908,-1.7573851233686,0,.570341021155816,.947360373149044,0,0,-.526319813425478,1.47368018657452,-1.05263962685096,2.94736037314904
1,2,2,0,1,1,2,2,5,4,1,3,2,2,2,2,3,2,3,2,4,2,3,2,3,3,2,3,3,3,3,3,3,3,3,4,4,3,4,4,2,2,-1,1,2.28571428571429,5.10526315789474,3.33333333333333,-1.22383366276333,.297667876809126,-.299500686988863,1.22383366276333,-1.22383366276333,.299500686988863,-.297667876809126,-.299500686988863,.297667876809126,-.702332123190874,1.29766787680913,.702332123190874,-1.29766787680913
1,2,2,0,1,2,1,2,4,4,3,3,3,3,3,3,2,3,4,3,4,3,3,4,3,3,3,4,4,4,3,3,4,4,4,4,3,3,3,3,3,3,-1,1,2.42857142857143,4.31578947368421,3.5,-1.22383366276333,-1.02242444643135,-.00716508820547745,1.22383366276333,-1.22383366276333,.00716508820547745,1.02242444643135,-.00716508820547745,-1.02242444643135,-2.02242444643135,-.0224244464313488,2.02242444643135,.0224244464313488
1,2,1,0,1,2,2,2,5,3,4,2,2,4,2,2,3,2,2,2,4,1,3,2,2,2,2,3,2,3,4,3,4,3,3,2,4,4,2,4,2,2,2,0,2.71428571428571,5.05263157894737,3.16666666666667,-1.22383366276333,.209661721926427,-.591836285772249,-2.44766732552667,0,-1.1836725715445,.419323443852854,0,0,-.790338278073573,1.20966172192643,-1.58067655614715,2.41932344385285
1,2,1,0,1,2,2,2,3,3,4,4,2,2,2,2,4,2,2,2,3,2,4,2,2,3,2,2,3,4,4,3,3,2,3,3,2,2,3,3,2,2,2,0,2.42857142857143,5.36842105263158,2.91666666666667,-1.22383366276333,.737698651222617,-1.03033968394733,-2.44766732552667,0,-2.06067936789466,1.47539730244523,0,0,-.262301348777383,1.73769865122262,-.524602697554766,3.47539730244523
1,2,2,0,1,1,1,1,3,3,2,3,1,2,2,1,4,4,2,1,4,1,4,4,2,4,1,3,3,2,3,3,3,2,3,4,2,4,4,4,2,2,-1,1,1.71428571428571,5.42105263157895,3.08333333333333,-1.22383366276333,.825704806105316,-.738004085163941,1.22383366276333,-1.22383366276333,.738004085163941,-.825704806105316,-.738004085163941,.825704806105316,-.174295193894684,1.82570480610532,.174295193894684,-1.82570480610532
1,3,2,0,1,2,2,3,3,2,2,5,2,2,2,2,5,2,2,1,4,1,5,3,2,5,4,3,3,3,4,4,4,4,5,4,3,4,2,4,2,2,-1,1,2.14285714285714,5.57894736842105,3.66666666666667,-.878692561684301,1.08972327075341,.285170510577908,.878692561684301,-.878692561684301,-.285170510577908,-1.08972327075341,.285170510577908,1.08972327075341,.0897232707534101,2.08972327075341,-.0897232707534101,-2.08972327075341
1,2.5,1,0,2,2,2,2,3,3,2,2,2,4,2,2,2,2,4,2,4,2,4,4,2,4,4,4,4,4,4,4,3,4,3,4,4,3,4,3,4,2,2,0,2.28571428571429,4.63157894736842,3.66666666666667,-1.05126311222382,-.494387517135159,.285170510577908,-2.10252622444764,0,.570341021155816,-.988775034270317,0,0,-1.49438751713516,.505612482864841,-2.98877503427032,1.01122496572968
1,4.5,2,0,1,2,2,3,4,4,5,2,4,5,2,2,4,4,4,3,3,2,3,2,4,2,1,4,4,5,4,4,3,3,4,4,4,4,5,4,2,4,-1,1,3,4.36842105263158,4,-.360980910065752,-.934418291548651,.86984170814468,.360980910065752,-.360980910065752,-.86984170814468,.934418291548651,.86984170814468,-.934418291548651,-1.93441829154865,.065581708451349,1.93441829154865,-.065581708451349
1,3,2,0,5,4,3,3,3,3,2,3,4,4,3,3,3,3,4,3,4,4,2,4,3,3,4,3,4,3,4,4,3,4,3,3,3,4,4,3,4,4,-1,1,3.28571428571429,4.05263157894737,3.5,-.878692561684301,-1.46245522084484,-.00716508820547745,.878692561684301,-.878692561684301,.00716508820547745,1.46245522084484,-.00716508820547745,-1.46245522084484,-2.46245522084484,-.462455220844841,2.46245522084484,.462455220844841
1,2.5,3,0,1,1,2,3,3,4,4,3,4,4,4,4,2,4,3,4,1,3,2,3,4,2,2,5,3,4,4,4,3,4,3,4,4,3,2,2,4,4,-1,-1,2.57142857142857,3.68421052631579,3.33333333333333,-1.05126311222382,-2.07849830502373,-.299500686988863,1.05126311222382,1.05126311222382,.299500686988863,2.07849830502373,.299500686988863,2.07849830502373,-3.07849830502373,-1.07849830502373,3.07849830502373,1.07849830502373
1,3.5,2,0,1,4,4,2,3,3,1,5,4,3,2,3,3,3,2,3,2,1,2,3,2,2,2,2,3,3,4,4,2,2,2,2,3,1,2,4,1,1,-1,1,2.57142857142857,4.94736842105263,2.66666666666667,-.706122011144785,.0336494121610314,-1.46884308212241,.706122011144785,-.706122011144785,1.46884308212241,-.0336494121610314,-1.46884308212241,.0336494121610314,-.966350587838969,1.03364941216103,.966350587838969,-1.03364941216103
1,2.5,3,0,1,2,2,3,3,4,2,3,2,2,2,2,4,3,4,2,3,2,4,4,4,4,2,3,3,3,3,4,4,4,2,3,2,4,4,4,3,2,-1,-1,2.42857142857143,4.89473684210526,3.33333333333333,-1.05126311222382,-.054356742721668,-.299500686988863,1.05126311222382,1.05126311222382,.299500686988863,.054356742721668,.299500686988863,.054356742721668,-1.05435674272167,.945643257278332,1.05435674272167,-.945643257278332
1,4,1,0,1,2,3,3,3,4,4,4,2,2,1,3,4,2,2,2,4,3,2,2,2,3,2,4,4,4,3,3,3,4,3,4,2,3,3,4,2,1,2,0,2.85714285714286,5.21052631578947,3.33333333333333,-.533551460605268,.473680186574522,-.299500686988863,-1.06710292121054,0,-.599001373977726,.947360373149044,0,0,-.526319813425478,1.47368018657452,-1.05263962685096,2.94736037314904
1,3,2,0,1,1,2,3,3,4,4,4,2,2,2,1,2,2,2,4,5,1,4,1,2,3,2,2,4,4,4,4,4,4,4,4,2,3,1,4,2,1,-1,1,2.57142857142857,5.47368421052632,3.5,-.878692561684301,.913710960988014,-.00716508820547745,.878692561684301,-.878692561684301,.00716508820547745,-.913710960988014,-.00716508820547745,.913710960988014,-.0862890390119857,1.91371096098801,.0862890390119857,-1.91371096098801
1,4.5,1,0,3,3,3,3,3,3,2,3,3,3,2,4,4,3,3,3,4,2,3,3,3,3,3,2,3,3,4,4,3,3,2,3,3,2,3,3,3,3,2,0,2.85714285714286,4.68421052631579,3,-.360980910065752,-.406381362252461,-.884171884555635,-.721961820131503,0,-1.76834376911127,-.812762724504922,0,0,-1.40638136225246,.593618637747539,-2.81276272450492,1.18723727549508
1,3.5,2,0,4,3,3,3,1,2,2,4,4,2,2,2,4,3,3,3,5,3,5,3,2,3,2,3,3,3,4,3,4,3,3,4,3,2,3,3,2,4,-1,1,2.57142857142857,5,3.16666666666667,-.706122011144785,.121655567043729,-.591836285772249,.706122011144785,-.706122011144785,.591836285772249,-.121655567043729,-.591836285772249,.121655567043729,-.878344432956271,1.12165556704373,.878344432956271,-1.12165556704373
1,3.5,3,0,2,3,4,4,4,4,4,2,2,4,3,3,2,1,3,3,2,2,3,2,3,2,4,4,4,4,4,4,4,3,4,4,3,4,4,4,4,3,-1,-1,3.57142857142857,4.31578947368421,3.83333333333333,-.706122011144785,-1.02242444643135,.577506109361294,.706122011144785,.706122011144785,-.577506109361294,1.02242444643135,-.577506109361294,1.02242444643135,-2.02242444643135,-.0224244464313488,2.02242444643135,.0224244464313488
1,4,1,0,1,1,1,1,5,1,5,3,3,3,3,3,3,3,3,3,3,3,3,3,3,3,3,3,3,3,3,3,3,3,3,3,3,3,3,3,3,3,2,0,2.14285714285714,4.47368421052632,3,-.533551460605268,-.758405981783254,-.884171884555635,-1.06710292121054,0,-1.76834376911127,-1.51681196356651,0,0,-1.75840598178325,.241594018216746,-3.51681196356651,.483188036433492
1,3.5,1,0,1,1,2,3,3,3,4,4,1,4,3,2,2,1,2,2,3,3,4,1,2,2,2,2,4,4,3,3,2,3,3,4,3,2,3,2,2,2,2,0,2.42857142857143,5.15789473684211,3,-.706122011144785,.385674031691824,-.884171884555635,-1.41224402228957,0,-1.76834376911127,.771348063383648,0,0,-.614325968308176,1.38567403169182,-1.22865193661635,2.77134806338365
1,4,3,0,1,1,3,1,1,1,2,4,2,2,3,4,3,3,3,4,3,3,3,2,3,4,3,4,3,3,3,3,3,3,3,3,2,3,3,3,4,3,-1,-1,1.42857142857143,4.52631578947368,2.91666666666667,-.533551460605268,-.670399826900556,-1.03033968394733,.533551460605268,.533551460605268,1.03033968394733,.670399826900556,1.03033968394733,.670399826900556,-1.67039982690056,.329600173099444,1.67039982690056,-.329600173099444
1,4,3,0,1,2,3,2,3,2,1,2,2,2,3,2,3,2,2,2,4,2,4,2,2,4,2,3,2,4,4,3,3,4,4,4,2,4,3,3,2,2,-1,-1,2,5.21052631578947,3.33333333333333,-.533551460605268,.473680186574522,-.299500686988863,.533551460605268,.533551460605268,.299500686988863,-.473680186574522,.299500686988863,-.473680186574522,-.526319813425478,1.47368018657452,.526319813425478,-1.47368018657452
1,3.5,2,0,1,3,3,3,4,5,1,3,2,2,1,2,4,3,3,3,4,3,4,2,2,2,3,4,2,2,2,4,2,4,3,3,2,3,4,4,2,1,-1,1,2.85714285714286,5.05263157894737,2.91666666666667,-.706122011144785,.209661721926427,-1.03033968394733,.706122011144785,-.706122011144785,1.03033968394733,-.209661721926427,-1.03033968394733,.209661721926427,-.790338278073573,1.20966172192643,.790338278073573,-1.20966172192643
1,4,3,0,1,1,1,3,2,2,1,5,1,2,1,1,4,1,1,3,5,1,5,1,1,3,1,3,4,3,2,4,4,4,4,3,4,4,5,5,1,1,-1,-1,1.57142857142857,6.05263157894737,3.83333333333333,-.533551460605268,1.8817786646977,.577506109361294,.533551460605268,.533551460605268,-.577506109361294,-1.8817786646977,-.577506109361294,-1.8817786646977,.881778664697695,2.88177866469769,-.881778664697695,-2.88177866469769
1,4,2,0,2,2,3,1,4,4,5,3,2,3,2,3,2,2,3,2,3,3,3,2,2,5,3,3,3,3,3,4,3,4,4,5,2,4,3,5,1,3,-1,1,3,4.94736842105263,3.58333333333333,-.533551460605268,.0336494121610314,.139002711186216,.533551460605268,-.533551460605268,-.139002711186216,-.0336494121610314,.139002711186216,.0336494121610314,-.966350587838969,1.03364941216103,.966350587838969,-1.03364941216103
1,4,3,0,4,3,4,3,3,3,4,4,4,4,4,4,3,4,3,3,5,4,4,3,4,5,3,4,4,4,4,4,4,5,3,4,5,4,4,3,4,2,-1,-1,3.42857142857143,4.36842105263158,4,-.533551460605268,-.934418291548651,.86984170814468,.533551460605268,.533551460605268,-.86984170814468,.934418291548651,-.86984170814468,.934418291548651,-1.93441829154865,.065581708451349,1.93441829154865,-.065581708451349
1,4,2,0,2,2,2,3,4,3,2,5,3,2,1,3,5,1,2,2,5,2,4,1,3,4,3,3,4,3,4,5,3,4,4,2,2,2,5,1,1,2,-1,1,2.57142857142857,5.57894736842105,3.25,-.533551460605268,1.08972327075341,-.445668486380556,.533551460605268,-.533551460605268,.445668486380556,-1.08972327075341,-.445668486380556,1.08972327075341,.0897232707534101,2.08972327075341,-.0897232707534101,-2.08972327075341
1,4,1,0,3,3,3,3,3,3,3,3,3,3,3,3,3,3,3,3,3,3,3,3,3,3,3,3,3,3,3,3,3,3,3,3,3,3,3,3,3,3,2,0,3,4.47368421052632,3,-.533551460605268,-.758405981783254,-.884171884555635,-1.06710292121054,0,-1.76834376911127,-1.51681196356651,0,0,-1.75840598178325,.241594018216746,-3.51681196356651,.483188036433492
1,4,1,0,3,4,3,3,2,3,3,2,2,4,2,3,3,1,1,4,2,2,4,2,1,3,2,3,4,2,3,3,2,3,4,3,3,4,3,4,2,3,2,0,3,4.94736842105263,3.16666666666667,-.533551460605268,.0336494121610314,-.591836285772249,-1.06710292121054,0,-1.1836725715445,.0672988243220627,0,0,-.966350587838969,1.03364941216103,-1.93270117567794,2.06729882432206
1,4,1,0,2,2,3,3,4,4,4,5,1,1,1,2,4,2,2,1,5,1,2,2,2,4,2,1,3,3,3,3,4,4,4,2,2,4,4,5,1,2,2,0,3.14285714285714,5.84210526315789,3.41666666666667,-.533551460605268,1.5297540451669,-.153332887597171,-1.06710292121054,0,-.306665775194341,3.0595080903338,0,0,.529754045166902,2.5297540451669,1.0595080903338,5.0595080903338
1,4,1,0,1,2,2,2,3,4,4,4,2,1,1,2,4,2,4,1,3,1,4,2,2,3,4,3,2,3,3,3,4,3,4,4,2,4,1,5,2,3,2,0,2.57142857142857,5.26315789473684,3.16666666666667,-.533551460605268,.561686341457221,-.591836285772249,-1.06710292121054,0,-1.1836725715445,1.12337268291444,0,0,-.438313658542779,1.56168634145722,-.876627317085557,3.12337268291444
1,4,3,0,1,2,3,2,3,3,1,3,3,3,3,3,3,3,3,3,3,3,3,3,3,3,3,3,3,3,3,3,3,3,3,3,3,3,3,3,3,3,-1,-1,2.14285714285714,4.47368421052632,3,-.533551460605268,-.758405981783254,-.884171884555635,.533551460605268,.533551460605268,.884171884555635,.758405981783254,.884171884555635,.758405981783254,-1.75840598178325,.241594018216746,1.75840598178325,-.241594018216746
1,4,2,0,3,3,4,3,2,2,2,4,2,3,1,2,2,4,2,4,2,3,4,3,2,3,3,5,3,3,3,4,2,5,5,5,5,3,3,4,3,3,-1,1,2.71428571428571,4.57894736842105,3.75,-.533551460605268,-.582393672017858,.431338309969601,.533551460605268,-.533551460605268,-.431338309969601,.582393672017858,.431338309969601,-.582393672017858,-1.58239367201786,.417606327982142,1.58239367201786,-.417606327982142
1,4,3,0,2,2,2,3,2,3,2,4,2,3,3,3,4,2,4,3,4,2,4,4,3,4,4,4,3,4,4,3,4,3,4,4,4,2,3,2,2,3,-1,-1,2.28571428571429,4.73684210526316,3.33333333333333,-.533551460605268,-.318375207369763,-.299500686988863,.533551460605268,.533551460605268,.299500686988863,.318375207369763,.299500686988863,.318375207369763,-1.31837520736976,.681624792630237,1.31837520736976,-.681624792630237
1,4,1,0,3,3,3,3,3,3,3,4,2,3,3,3,4,2,4,3,4,2,4,4,3,4,4,4,3,4,4,3,4,3,4,4,4,2,3,2,2,3,2,0,3,4.73684210526316,3.33333333333333,-.533551460605268,-.318375207369763,-.299500686988863,-1.06710292121054,0,-.599001373977726,-.636750414739526,0,0,-1.31837520736976,.681624792630237,-2.63675041473953,1.36324958526047
1,5.5,1,0,3,3,4,4,4,4,3,4,3,2,2,2,4,2,2,1,5,2,5,2,1,4,2,3,3,4,4,2,2,4,3,2,4,4,4,3,1,2,2,0,3.57142857142857,5.63157894736842,3.25,-.0158398089867185,1.17772942563611,-.445668486380556,-.031679617973437,0,-.891336972761112,2.35545885127222,0,0,.177729425636109,2.17772942563611,.355458851272219,4.35545885127222
1,4,2,0,2,2,3,3,3,5,5,3,4,4,3,3,2,2,5,2,3,2,3,3,2,3,4,2,4,4,4,4,4,3,4,2,2,5,5,5,4,3,-1,1,3.28571428571429,4.36842105263158,3.83333333333333,-.533551460605268,-.934418291548651,.577506109361294,.533551460605268,-.533551460605268,-.577506109361294,.934418291548651,.577506109361294,-.934418291548651,-1.93441829154865,.065581708451349,1.93441829154865,-.065581708451349
1,4,2,0,3,4,4,2,2,2,1,3,2,4,2,2,4,1,3,2,4,2,4,2,4,3,2,4,1,4,2,1,4,2,1,2,1,4,1,2,4,2,-1,1,2.57142857142857,4.94736842105263,2.08333333333333,-.533551460605268,.0336494121610314,-2.49201767786426,.533551460605268,-.533551460605268,2.49201767786426,-.0336494121610314,-2.49201767786426,.0336494121610314,-.966350587838969,1.03364941216103,.966350587838969,-1.03364941216103
1,5.5,3,0,4,4,4,4,4,4,4,4,1,2,1,1,5,2,2,1,4,2,4,2,2,5,1,1,3,4,4,3,4,5,3,2,2,4,4,4,1,2,-1,-1,4,5.94736842105263,3.5,-.0158398089867185,1.7057663549323,-.00716508820547745,.0158398089867185,.0158398089867185,.00716508820547745,-1.7057663549323,.00716508820547745,-1.7057663549323,.705766354932299,2.7057663549323,-.705766354932299,-2.7057663549323
1,4.5,2,0,1,2,3,2,3,5,5,3,1,2,1,1,4,1,2,2,5,2,4,2,2,2,2,2,4,5,4,4,3,4,4,4,2,3,4,3,1,1,-1,1,3,5.68421052631579,3.66666666666667,-.360980910065752,1.26573558051881,.285170510577908,.360980910065752,-.360980910065752,-.285170510577908,-1.26573558051881,.285170510577908,1.26573558051881,.265735580518807,2.26573558051881,-.265735580518807,-2.26573558051881
1,4.5,1,0,2,3,4,4,2,1,4,4,2,2,2,3,4,3,3,1,4,1,5,2,4,5,3,1,3,3,4,4,3,4,2,4,2,4,3,4,2,2,2,0,2.85714285714286,5.42105263157895,3.33333333333333,-.360980910065752,.825704806105316,-.299500686988863,-.721961820131503,0,-.599001373977726,1.65140961221063,0,0,-.174295193894684,1.82570480610532,-.348590387789367,3.65140961221063
1,4,1,0,1,1,1,3,4,4,2,4,4,2,3,2,3,3,4,4,4,2,3,3,3,4,3,4,3,4,4,4,4,4,3,4,3,4,2,3,4,3,2,0,2.28571428571429,4.52631578947368,3.5,-.533551460605268,-.670399826900556,-.00716508820547745,-1.06710292121054,0,-.0143301764109549,-1.34079965380111,0,0,-1.67039982690056,.329600173099444,-3.34079965380111,.659200346198888
1,4,1,0,1,2,3,3,4,4,5,4,4,4,3,4,2,1,2,3,2,2,2,4,2,2,1,4,4,4,4,5,4,4,4,4,3,4,1,5,3,2,2,0,3.14285714285714,4.47368421052632,3.83333333333333,-.533551460605268,-.758405981783254,.577506109361294,-1.06710292121054,0,1.15501221872259,-1.51681196356651,0,0,-1.75840598178325,.241594018216746,-3.51681196356651,.483188036433492
1,5.5,1,0,2,3,4,4,4,4,5,2,3,4,4,4,1,3,4,3,2,2,2,4,4,2,4,2,3,3,3,4,3,2,2,4,2,2,4,2,4,2,2,0,3.71428571428571,3.89473684210526,2.83333333333333,-.0158398089867185,-1.72647368549294,-1.17650748333902,-.031679617973437,0,-2.35301496667804,-3.45294737098587,0,0,-2.72647368549294,-.726473685492935,-5.45294737098587,-1.45294737098587
1,5.5,3,0,3,3,3,2,2,2,2,4,2,3,2,2,4,2,4,4,3,2,4,2,2,3,3,3,3,3,3,4,4,4,3,3,2,4,4,3,2,2,-1,-1,2.42857142857143,5,3.33333333333333,-.0158398089867185,.121655567043729,-.299500686988863,.0158398089867185,.0158398089867185,.299500686988863,-.121655567043729,.299500686988863,-.121655567043729,-.878344432956271,1.12165556704373,.878344432956271,-1.12165556704373
1,5,2,0,3,3,4,4,5,5,5,3,3,3,3,3,3,2,3,2,2,3,3,3,3,4,4,3,4,4,4,4,4,3,4,4,4,3,2,2,3,2,-1,1,4.14285714285714,4.57894736842105,3.5,-.188410359526235,-.582393672017858,-.00716508820547745,.188410359526235,-.188410359526235,.00716508820547745,.582393672017858,-.00716508820547745,-.582393672017858,-1.58239367201786,.417606327982142,1.58239367201786,-.417606327982142
1,6,3,0,4,4,3,1,1,1,1,3,3,3,3,3,3,4,3,3,3,2,3,3,3,3,3,3,3,4,3,3,3,4,3,3,4,3,3,3,3,3,-1,-1,2.14285714285714,4.47368421052632,3.25,.156730741552798,-.758405981783254,-.445668486380556,-.156730741552798,-.156730741552798,.445668486380556,.758405981783254,.445668486380556,.758405981783254,-1.75840598178325,.241594018216746,1.75840598178325,-.241594018216746
1,6,1,0,3,4,5,4,5,5,5,4,2,2,2,2,3,2,2,4,4,1,4,2,2,4,2,2,4,3,3,3,3,4,2,4,3,3,3,3,2,2,2,0,4.42857142857143,5.36842105263158,3.16666666666667,.156730741552798,.737698651222617,-.591836285772249,.313461483105596,0,-1.1836725715445,1.47539730244523,0,0,-.262301348777383,1.73769865122262,-.524602697554766,3.47539730244523
1,6,2,0,2,3,4,4,4,4,5,3,2,3,3,2,2,3,5,3,4,4,3,2,2,4,3,3,3,3,4,3,4,3,4,3,4,3,4,4,2,2,-1,1,3.71428571428571,4.68421052631579,3.5,.156730741552798,-.406381362252461,-.00716508820547745,-.156730741552798,.156730741552798,.00716508820547745,.406381362252461,-.00716508820547745,-.406381362252461,-1.40638136225246,.593618637747539,1.40638136225246,-.593618637747539
1,4.5,3,0,3,3,4,4,4,3,5,4,2,2,2,2,2,2,2,2,2,2,4,2,3,4,4,3,2,2,2,3,4,3,3,4,2,4,3,3,2,2,-1,-1,3.71428571428571,5.05263157894737,2.91666666666667,-.360980910065752,.209661721926427,-1.03033968394733,.360980910065752,.360980910065752,1.03033968394733,-.209661721926427,1.03033968394733,-.209661721926427,-.790338278073573,1.20966172192643,.790338278073573,-1.20966172192643
1,6,2,0,2,4,4,3,4,4,4,2,2,2,2,2,2,3,2,3,3,2,3,2,3,4,2,3,5,5,5,4,4,4,4,5,4,3,4,3,2,1,-1,1,3.57142857142857,5,4.16666666666667,.156730741552798,.121655567043729,1.16217730692807,-.156730741552798,.156730741552798,-1.16217730692807,-.121655567043729,1.16217730692807,.121655567043729,-.878344432956271,1.12165556704373,.878344432956271,-1.12165556704373
1,6,1,0,2,3,4,5,4,5,5,3,3,2,2,4,2,2,3,2,2,2,4,3,2,4,2,3,4,4,4,4,4,4,4,3,4,4,4,3,3,2,2,0,4,4.84210526315789,3.83333333333333,.156730741552798,-.142362897604366,.577506109361294,.313461483105596,0,1.15501221872259,-.284725795208732,0,0,-1.14236289760437,.857637102395634,-2.28472579520873,1.71527420479127
1,5.5,2,0,3,4,5,5,5,5,5,3,2,2,2,4,3,2,2,4,4,2,4,3,1,2,3,2,3,4,3,3,3,4,3,4,3,3,4,3,2,3,-1,1,4.57142857142857,4.94736842105263,3.33333333333333,-.0158398089867185,.0336494121610314,-.299500686988863,.0158398089867185,-.0158398089867185,.299500686988863,-.0336494121610314,-.299500686988863,.0336494121610314,-.966350587838969,1.03364941216103,.966350587838969,-1.03364941216103
1,5.5,2,0,4,4,4,2,2,1,1,2,3,4,3,4,3,2,4,2,4,3,3,4,3,4,4,3,4,3,3,4,4,4,4,4,3,4,4,5,3,3,-1,1,2.57142857142857,4.36842105263158,3.83333333333333,-.0158398089867185,-.934418291548651,.577506109361294,.0158398089867185,-.0158398089867185,-.577506109361294,.934418291548651,.577506109361294,-.934418291548651,-1.93441829154865,.065581708451349,1.93441829154865,-.065581708451349
1,5.5,2,0,2,4,4,4,1,1,1,3,3,1,2,2,1,1,4,2,2,1,4,2,1,1,4,1,4,4,5,4,4,4,4,4,2,4,3,3,2,2,-1,1,2.42857142857143,5,3.75,-.0158398089867185,.121655567043729,.431338309969601,.0158398089867185,-.0158398089867185,-.431338309969601,-.121655567043729,.431338309969601,.121655567043729,-.878344432956271,1.12165556704373,.878344432956271,-1.12165556704373
1,7,2,0,5,3,5,5,5,5,5,4,2,2,1,2,3,2,2,2,4,2,4,1,3,3,2,3,4,4,4,4,2,4,3,4,3,3,3,4,2,2,-1,1,4.71428571428571,5.36842105263158,3.5,.501871842631831,.737698651222617,-.00716508820547745,-.501871842631831,.501871842631831,.00716508820547745,-.737698651222617,-.00716508820547745,.737698651222617,-.262301348777383,1.73769865122262,.262301348777383,-1.73769865122262
1,6.5,1,0,3,3,4,5,4,5,5,3,3,5,4,4,2,2,3,4,4,4,4,2,2,2,4,4,4,4,4,3,4,3,3,2,4,3,3,2,3,2,2,0,4.14285714285714,4.26315789473684,3.25,.329301292092315,-1.11043060131405,-.445668486380556,.658602584184629,0,-.891336972761112,-2.22086120262809,0,0,-2.11043060131405,-.110430601314047,-4.22086120262809,-.220861202628093
1,7,2,0,5,5,1,1,1,1,1,4,3,1,3,1,1,1,2,1,1,1,5,1,1,4,2,5,5,4,4,5,5,4,5,5,4,4,2,3,3,1,-1,1,2.14285714285714,5.31578947368421,4.16666666666667,.501871842631831,.649692496339919,1.16217730692807,-.501871842631831,.501871842631831,-1.16217730692807,-.649692496339919,1.16217730692807,.649692496339919,-.350307503660081,1.64969249633992,.350307503660081,-1.64969249633992
1,6.5,3,0,3,3,5,4,5,5,5,4,1,2,1,2,3,1,2,1,3,1,4,4,1,4,2,1,4,5,5,5,3,5,4,3,4,5,3,5,1,1,-1,-1,4.28571428571429,5.73684210526316,4.25,.329301292092315,1.35374173540151,1.30834510631976,-.329301292092315,-.329301292092315,-1.30834510631976,-1.35374173540151,-1.30834510631976,-1.35374173540151,.353741735401505,2.35374173540151,-.353741735401505,-2.35374173540151
1,7,1,0,5,5,3,1,1,1,1,3,1,1,1,1,5,1,1,1,5,1,5,1,1,3,1,1,4,5,5,5,4,5,4,3,2,5,3,5,1,1,2,0,2.42857142857143,6.26315789473684,4.16666666666667,.501871842631831,2.23380328422849,1.16217730692807,1.00374368526366,0,2.32435461385613,4.46760656845698,0,0,1.23380328422849,3.23380328422849,2.46760656845698,6.46760656845698
1,5.5,2,0,3,5,5,5,5,5,5,2,3,2,2,4,4,4,4,4,4,4,3,4,3,2,3,4,2,3,4,3,4,4,2,3,4,3,2,2,3,3,-1,1,4.71428571428571,4.21052631578947,3,-.0158398089867185,-1.19843675619675,-.884171884555635,.0158398089867185,-.0158398089867185,.884171884555635,1.19843675619675,-.884171884555635,-1.19843675619675,-2.19843675619675,-.198436756196746,2.19843675619675,.198436756196746
1,7,1,0,3,4,4,5,5,5,5,4,2,3,2,1,4,2,2,2,4,1,4,3,1,3,3,2,4,4,4,3,3,4,4,4,4,4,4,4,2,1,2,0,4.42857142857143,5.47368421052632,3.83333333333333,.501871842631831,.913710960988014,.577506109361294,1.00374368526366,0,1.15501221872259,1.82742192197603,0,0,-.0862890390119857,1.91371096098801,-.172578078023971,3.82742192197603
1,6.5,3,0,5,5,1,1,3,1,1,3,3,2,2,2,2,2,4,2,2,1,4,2,2,2,3,3,3,3,4,3,3,4,4,3,2,3,4,3,4,2,-1,-1,2.42857142857143,4.78947368421053,3.25,.329301292092315,-.230369052487064,-.445668486380556,-.329301292092315,-.329301292092315,.445668486380556,.230369052487064,.445668486380556,.230369052487064,-1.23036905248706,.769630947512936,1.23036905248706,-.769630947512936
1,7,1,0,3,4,5,5,5,5,5,3,2,4,4,4,2,4,3,4,2,2,2,3,2,4,3,3,2,2,3,3,4,2,2,4,2,3,4,2,3,2,2,0,4.57142857142857,4.31578947368421,2.75,.501871842631831,-1.02242444643135,-1.32267528273071,1.00374368526366,0,-2.64535056546143,-2.0448488928627,0,0,-2.02242444643135,-.0224244464313488,-4.0448488928627,-.0448488928626976
1,7,3,0,5,5,3,1,1,1,1,3,3,3,3,4,3,2,2,2,3,2,4,3,2,2,3,3,4,4,3,4,4,3,4,4,4,4,4,4,2,3,-1,-1,2.42857142857143,4.73684210526316,3.83333333333333,.501871842631831,-.318375207369763,.577506109361294,-.501871842631831,-.501871842631831,-.577506109361294,.318375207369763,-.577506109361294,.318375207369763,-1.31837520736976,.681624792630237,1.31837520736976,-.681624792630237
1,5.5,1,0,3,4,5,5,4,5,5,4,4,4,3,2,3,4,2,4,4,1,4,4,3,3,2,4,3,4,4,4,3,4,2,3,3,4,4,4,3,4,2,0,4.42857142857143,4.52631578947368,3.5,-.0158398089867185,-.670399826900556,-.00716508820547745,-.031679617973437,0,-.0143301764109549,-1.34079965380111,0,0,-1.67039982690056,.329600173099444,-3.34079965380111,.659200346198888
1,6.5,3,0,1,2,2,4,3,4,5,4,2,1,2,1,4,2,4,1,3,2,2,1,2,3,3,2,3,4,5,4,3,5,3,2,4,5,3,5,2,2,-1,-1,3,5.31578947368421,3.83333333333333,.329301292092315,.649692496339919,.577506109361294,-.329301292092315,-.329301292092315,-.577506109361294,-.649692496339919,-.577506109361294,-.649692496339919,-.350307503660081,1.64969249633992,.350307503660081,-1.64969249633992
1,7,3,0,3,3,3,3,3,3,3,3,2,3,2,2,2,2,4,3,5,2,3,3,3,3,3,4,5,5,4,4,3,3,5,4,3,3,4,5,2,2,-1,-1,3,4.78947368421053,4,.501871842631831,-.230369052487064,.86984170814468,-.501871842631831,-.501871842631831,-.86984170814468,.230369052487064,-.86984170814468,.230369052487064,-1.23036905248706,.769630947512936,1.23036905248706,-.769630947512936
1,7,3,0,3,3,3,3,3,3,3,5,5,5,5,5,5,5,5,5,5,5,5,5,5,5,5,5,5,5,5,5,5,5,5,5,5,5,5,5,5,5,-1,-1,3,3.52631578947368,5,.501871842631831,-2.34251676967182,2.62385530084499,-.501871842631831,-.501871842631831,-2.62385530084499,2.34251676967182,-2.62385530084499,2.34251676967182,-3.34251676967182,-1.34251676967182,3.34251676967182,1.34251676967182
1,5,2,0,4,5,4,4,5,5,5,2,5,2,2,3,2,4,4,3,2,3,3,4,4,3,3,3,3,4,4,4,3,4,4,5,5,2,3,2,3,3,-1,1,4.57142857142857,4.10526315789474,3.58333333333333,-.188410359526235,-1.37444906596214,.139002711186216,.188410359526235,-.188410359526235,-.139002711186216,1.37444906596214,.139002711186216,-1.37444906596214,-2.37444906596214,-.374449065962142,2.37444906596214,.374449065962142
1,7,3,0,3,4,4,4,4,4,5,4,2,3,2,3,3,3,3,2,3,2,4,2,3,3,3,2,4,4,4,4,4,4,3,4,4,4,4,4,3,2,-1,-1,4,4.94736842105263,3.91666666666667,.501871842631831,.0336494121610314,.723673908752987,-.501871842631831,-.501871842631831,-.723673908752987,-.0336494121610314,-.723673908752987,-.0336494121610314,-.966350587838969,1.03364941216103,.966350587838969,-1.03364941216103
1,7,3,0,3,4,5,5,5,5,5,3,3,3,4,3,3,3,3,3,3,3,4,3,3,3,3,3,2,3,4,4,3,3,2,3,4,4,3,4,2,3,-1,-1,4.57142857142857,4.52631578947368,3.25,.501871842631831,-.670399826900556,-.445668486380556,-.501871842631831,-.501871842631831,.445668486380556,.670399826900556,.445668486380556,.670399826900556,-1.67039982690056,.329600173099444,1.67039982690056,-.329600173099444
1,5,2,0,5,1,1,1,1,1,1,3,4,3,5,3,3,3,4,3,2,3,2,3,3,4,4,3,3,4,3,3,3,3,3,5,3,3,3,3,3,4,-1,1,1.57142857142857,4.10526315789474,3.25,-.188410359526235,-1.37444906596214,-.445668486380556,.188410359526235,-.188410359526235,.445668486380556,1.37444906596214,-.445668486380556,-1.37444906596214,-2.37444906596214,-.374449065962142,2.37444906596214,.374449065962142
