ID,Sex,Age,Ra1,RaLast,TrainingDifficulty,S1,M1,A1,N1,R1,TAD
1,M,19,0.914203649,0.822627216,,33,20,567,10,45,72
2,F,18,0.7374800517,0.9,1,68,24,435,27,47,59
3,M,21,0.788745052,0.957913145,,66,30,421,19,46,56
4,M,22,-0.067399499,0.904137278,,53,27,326,21,47,51
5,M,20,0.62086682,0.972190552,,57,29,476,13,45,63
6,M,21,0.939069889,0.679660543,,67,25,372,11,46,60
7,M,20,0.729241335,0.814717106,,48,28,203,20,44,54
8,M,18,0.396243231,0.513236005,,47,21,178,14,32,51
9,M,21,0.588092458,0.901506705,,58,28,442,22,47,70
10,M,21,0.50089434,0.825127609,,54,27,327,17,48,52
11,M,21,-0.267189323,-0.459277069,,64,31,339,13,39,70
12,M,21,0.308235604,0.629869273,,60,32,277,23,46,63
13,M,22,0.723128627,0.663779176,,59,26,562,27,46,67
14,M,21,-0.228332829,0.385212373,,45,21,237,14,33,48
15,F,20,-0.358133952,0.082551925,,51,22,242,9,34,38
16,M,20,0.050965815,0.87232768,,39,16,236,16,32,49
17,M,21,0.060408631,0.50042683,,45,24,293,15,42,47
18,M,20,-0.184746548,0.725634921,,54,28,494,14,43,58
19,F,22,0.810546105,0.974922569,,55,25,341,15,47,57
20,M,19,0.044095751,0.372908114,,67,33,473,12,44,67
21,M,20,0.750866176,0.834765645,,52,22,314,13,39,52
22,M,20,0.386513856,0.536132418,,52,28,382,20,47,63
23,F,20,-0.466322491,0.681917829,,29,17,245,17,30,50
24,M,21,0.134419922,-0.552554033,,54,27,346,21,37,51
25,M,22,0.579662371,0.97076123,,56,31,452,22,47,39
26,M,19,0.166917458,0.88707212,,47,25,545,16,47,62
27,M,19,0.929762639,0.961869379,,45,23,249,17,45,56
28,M,20,0.945443791,0.913260036,,56,21,452,26,47,63
29,M,21,0.80707696,0.842974789,,64,18,408,20,46,69
30,M,20,0.795473229,0.8965018,,72,32,468,22,47,66
31,M,19,0.821059017,0.941810765,0,51,27,299,21,39,58
32,M,20,0.509414721,0.966935611,,56,20,484,6,40,50
33,M,20,0.609703362,0.965988106,,41,27,537,10,48,63
34,M,19,0.958845541,0.966075652,0,54,30,575,20,48,66
35,M,20,0.71930391,0.825930897,,47,29,134,15,32,55
36,M,20,-0.12399525,0.869024205,,34,23,300,12,25,58
37,M,23,0.642934888,0.788318366,0,72,28,477,29,45,62
38,M,23,0.858077409,0.901883861,,55,32,581,19,42,65
39,M,20,0.404730933,0.878332293,,54,31,292,11,39,60
40,M,21,0.574558074,0.581774209,0,69,30,365,17,48,73
41,M,20,0.321603089,0.904849819,,53,27,302,14,43,57
42,M,20,0.405187291,0.79063349,,52,30,265,7,35,58
43,M,20,0.408130037,0.762171998,,35,27,227,10,36,50
44,M,20,0.896674613,0.778861429,,46,24,304,13,30,43
45,M,19,0.591306158,0.843451078,,54,32,199,26,45,61
46,M,19,0.814706461,0.970090193,0,69,31,541,22,47,65
47,M,21,0.806791864,0.949574753,,42,28,478,12,41,45
48,M,22,-0.092673619,-0.107219781,0,61,28,569,21,42,66
49,M,20,0.859640515,0.963664172,,46,22,283,15,39,44
50,M,20,-0.136398451,-0.251953148,0,53,27,581,25,42,60
51,M,21,0.941144109,0.961672683,,49,23,291,11,44,46
52,F,22,0.35690153,0.558323023,,68,28,380,24,47,56
53,M,19,0.078223131,0.635743002,,44,24,201,14,38,43
54,M,21,-0.339285612,-0.033542145,,46,20,228,14,38,63
55,M,20,0.96530633,0.862530156,,46,24,258,12,36,27
56,M,23,-0.008344442,0.83699328,,37,30,395,27,38,64
57,M,21,0.879265645,0.962971654,,70,29,553,12,47,55
58,M,22,0.587017262,0.847116717,,56,34,253,17,40,57
59,M,19,0.936137277,0.972348505,1,58,29,442,19,42,65
60,M,23,0.43337889,0.461234539,,53,30,539,10,42,68
61,M,19,0.86612602,0.910042197,,56,28,403,17,45,62
62,M,22,0.185966731,-0.206732925,,49,24,324,11,40,62
63,F,20,0.787215817,0.807477319,,61,27,251,18,34,41
64,F,20,-0.09068621,0.952046949,,64,27,491,19,46,70
65,M,21,-0.382845979,0.304847482,,45,25,360,15,44,58
66,M,21,0.851868035,0.897410888,,61,31,249,11,40,59
67,M,20,0.776808932,0.963347195,,66,29,249,19,35,55
68,F,19,0.357319111,0.598398864,,40,17,141,14,31,25
69,M,20,0.177842657,0.536798603,,72,26,495,24,35,61
70,F,19,0.545525331,0.972960071,,55,29,530,22,46,35
71,F,23,0.427503403,0.877867602,,51,22,529,28,46,53
72,M,18,0.491315497,0.865877704,,69,27,238,16,37,50
73,M,21,-0.187842203,0.961908488,,72,32,396,17,44,62
74,M,19,0.067766463,0.490459448,,52,26,326,13,40,52
75,M,21,0.771108942,0.859744177,0,53,24,575,22,43,64
76,M,20,0.262477657,0.823025424,,55,22,511,16,48,65
77,M,19,0.946247192,0.692545461,,43,28,555,15,47,67
78,M,20,0.89699652,0.923761144,,55,33,232,20,30,39
79,M,20,-0.393522635,0.825575565,,70,24,387,23,45,60
80,M,20,0.745562997,0.933728472,,62,25,297,17,44,68
81,M,20,0.906909816,0.947548387,,56,28,392,9,41,57
82,M,19,0.808322698,0.900721572,,28,27,293,19,46,51
83,M,20,0.088262431,0.195012482,,51,32,561,16,38,72
84,M,20,0.494473463,0.882772977,,51,24,192,15,34,40
85,M,19,-0.547728002,0.018805621,,67,29,354,15,47,38
86,M,20,0.45602803,0.841076975,,70,27,354,26,46,62
87,M,21,0.107044603,0.78897775,,38,28,579,18,39,60
88,M,21,0.55098483,0.887388127,0,70,34,352,15,45,59
89,M,21,0.426701917,0.939329591,,70,33,306,17,47,60
90,M,19,0.49774011,0.703314836,0,61,29,577,21,48,76
91,M,20,0.778800742,0.955269999,,59,26,520,19,48,70
92,M,19,-0.004622246,0.833263342,,53,25,329,14,39,55
93,M,20,0.270490698,0.275887375,,77,32,567,12,45,66
94,M,20,0.030562621,0.238045191,,39,26,340,13,38,48
95,M,19,0.89060664,0.96024663,,57,23,426,10,46,59
96,M,21,0.497759242,0.729800361,,64,26,577,24,48,68
97,M,21,0.315628966,0.9317101,,62,32,333,15,38,66
98,M,20,0.537971569,0.853004451,,61,30,293,20,42,59
99,M,20,0.440842369,0.966907993,,59,27,235,16,32,57
100,M,19,-0.151912136,0.964952693,,62,29,196,24,44,49
101,M,20,0.166404818,0.733930451,,50,25,217,9,33,47
102,M,20,0.830469277,0.821726113,,72,27,368,18,46,62
103,M,20,0.396975301,0.831045788,,69,31,488,19,45,53
104,M,23,0.872619808,0.825967477,,72,35,267,25,38,60
105,M,21,0.749745527,0.83832773,,59,30,549,20,45,50
106,M,20,0.782089069,0.95186556,,55,23,280,20,46,65
107,M,23,0.615758994,0.840865094,,68,28,577,26,45,61
108,M,19,0.952869851,0.960801516,,54,33,297,14,41,57
109,M,21,0.786506137,0.816971066,,46,28,182,22,35,55
110,M,21,-0.290378438,0.841258761,,36,23,300,18,36,44
111,F,19,-0.007464839,0.680164461,,55,26,322,9,30,26
112,M,19,0.796812585,0.93534429,,47,30,326,16,38,60
113,M,19,0.382885039,0.881197642,,67,30,255,19,48,57
114,M,20,0.711201179,0.930077934,,62,27,573,14,48,69
115,M,20,-0.009900239,0.927491914,,57,24,251,14,31,44
116,M,20,-0.234695256,-0.128369075,,52,24,206,22,44,41
117,M,20,0.027792422,-0.1623523,,29,18,150,10,33,60
118,M,21,0.667492986,0.797646786,,58,29,561,24,48,57
119,M,20,0.232140766,0.678232055,,57,30,310,11,39,65
120,M,20,-0.32916763,0.818849683,,52,23,357,17,44,60
121,M,19,-0.210041583,0.719745841,,69,30,328,25,38,39
122,M,19,-0.153687079,0.730458624,,61,30,239,15,39,34
123,M,22,0.094988122,0.47537939,,57,28,440,29,44,65
124,M,19,0.742855858,0.973832314,,51,28,297,18,47,62
125,M,20,0.776743517,0.822848539,,50,33,333,17,47,64
126,M,20,0.104371536,0.705364796,0,57,32,571,18,47,70
127,M,19,-0.002965396,0.676162323,,44,31,191,9,27,48
128,M,19,0.15995651,-0.188076076,,51,24,346,17,43,43
129,M,21,0.089427425,0.356297819,,41,27,267,16,31,47
130,M,20,0.795518288,0.884271334,,55,23,290,14,44,53
131,M,21,0.419168061,0.753949398,,46,19,319,8,34,43
132,M,20,0.803019846,0.817933817,,43,24,213,14,36,53
133,M,20,-0.412049487,0.616026969,,35,23,196,13,34,29
134,F,20,0.418979175,0.871413051,,47,19,263,15,36,43
135,F,20,0.452356675,0.89232407,,62,25,250,11,40,53
136,F,20,-0.375078427,-0.483481356,,48,21,282,18,41,23
137,F,20,0.516129632,0.714848049,,34,28,243,10,29,32
138,M,19,0.642962418,0.798954089,,51,27,207,18,38,64
139,M,19,0.833026762,0.837067908,0,56,28,478,27,48,74
140,M,20,-0.170885907,-0.313044095,,51,22,512,15,44,58
141,M,20,0.623357047,0.610237473,,68,26,581,29,48,74
142,M,20,0.782880615,0.865870914,0,41,30,511,16,44,57
143,M,23,0.918193731,0.941561664,1,60,31,443,15,41,55
144,M,22,0.591753238,0.959793316,,46,24,482,20,37,47
145,M,22,0.797192099,0.886573377,,34,25,168,14,31,51
146,M,19,0.585368808,0.963264791,,59,26,328,18,26,67
147,M,20,0.919281281,0.956372411,0,74,29,564,28,46,69
148,M,23,0.82275559,0.911388214,,75,33,357,23,47,67
149,M,19,0.325616994,0.886119375,,59,28,272,20,37,44
150,M,20,-0.353560643,0.554437836,,42,22,192,11,36,55
151,M,20,0.378316261,0.844378185,,50,21,293,10,35,65
152,M,21,0.373369896,0.960588791,,62,29,557,15,46,48
153,F,20,0.954635871,0.980030888,,57,19,485,24,45,60
154,M,20,0.302066296,0.763797267,,48,23,300,17,37,44
155,M,19,0.597795526,0.881927489,,58,29,307,20,47,66
156,M,21,0.875486459,0.912569576,,53,29,333,14,40,63
157,M,19,0.928781079,0.96802729,,52,24,410,12,39,54
158,F,21,0.1543686,0.998243523,,53,24,447,22,43,64
159,M,19,0.770527046,0.960834259,,55,27,250,12,34,56
160,M,20,0.910827574,0.910661078,,45,26,317,16,31,42
161,M,21,0.623150361,0.808611021,,75,33,475,28,44,56
162,M,20,0.850588994,0.719032648,,62,31,244,20,44,47
163,M,20,0.804419757,0.442594564,,62,27,581,19,47,73
164,M,20,0.906058739,0.968739632,,66,29,239,4,40,58
165,M,19,0.547052567,0.866181612,,43,15,211,15,39,38
166,M,19,0.637059604,0.842965224,,67,27,308,15,45,72
167,M,19,0.761327217,0.686807256,,43,19,419,17,37,44
168,F,20,-0.288435303,0.873685463,,56,24,364,14,46,41
169,M,21,0.649270396,0.711183979,,55,28,253,16,43,69
170,M,20,0.766714948,0.944096869,,55,26,365,19,47,52
171,M,20,0.806845788,0.973527101,,43,31,150,15,37,46
172,M,19,0.050021885,0.605640106,,58,27,277,17,40,53
173,M,19,0.16831848,0.941875741,0,46,27,571,22,48,71
174,M,20,0.955191657,0.95932989,,57,34,399,16,42,65
175,M,20,0.198116943,0.932443209,,47,23,324,11,34,41
176,M,21,0.541444172,0.293584496,,58,24,287,10,25,44
177,M,20,0.005079882,-0.276078501,,54,27,383,21,40,57
178,M,22,0.799662029,0.794179686,,65,29,517,18,46,70
179,M,19,-0.367539791,0.633202886,,47,27,173,14,40,46
180,M,22,0.923614313,0.930560249,,52,30,579,13,45,40
181,F,19,0.200511792,0.402931414,,59,25,275,15,47,28
182,M,19,0.841335894,0.834354876,,55,26,296,15,40,59
183,M,21,-0.031981144,0.882453129,,56,25,571,19,44,64
184,M,19,0.941921769,0.968509661,,45,31,203,16,35,33
185,M,21,0.355973878,0.964137813,0,74,31,373,19,48,57
186,M,20,-0.167862847,-0.432699211,,46,28,296,10,40,42
187,F,21,0.085574408,0.526102253,,27,23,315,11,44,44
188,M,22,0.735613248,0.879684469,,41,33,182,9,24,52
189,M,20,0.952730441,0.91710541,,54,21,339,19,47,66
190,M,21,0.897131081,0.853835692,,64,26,306,18,48,52
191,M,19,0.736524287,0.779512877,,56,29,328,18,47,38
192,M,19,0.567262784,0.838058404,,45,25,288,13,39,50
193,M,20,-0.31223534,0.483280057,,54,34,204,24,40,51
194,M,22,0.080961414,0.644976342,,54,25,346,16,39,61
195,F,20,-0.413584702,0.868218603,,47,19,283,21,44,50
196,M,20,0.241159271,0.443799847,,51,27,243,11,34,50
197,M,20,0.863746863,0.871501698,,42,28,218,15,23,30
198,M,19,-0.011028117,0.866436525,,34,26,174,17,32,40
199,F,19,0.237294705,0.946430224,0,68,24,361,17,48,55
200,F,19,-0.227770687,-0.150887626,,56,22,310,15,45,38
201,M,19,0.832477945,0.967452279,,36,27,245,15,37,55
202,M,20,-0.250858944,0.291908488,,55,27,226,18,43,47
203,M,21,0.682250239,0.7854561,0,52,31,385,19,43,65
204,M,21,-0.331714362,0.402268722,,44,27,265,9,37,51
205,M,21,0.826933794,0.93642234,,57,29,268,16,37,72
206,M,21,0.191521302,0.750005785,,56,30,267,11,37,58
207,M,22,0.766483185,0.873762471,,55,23,256,16,45,44
208,M,20,0.262180993,0.952538916,,62,25,404,14,47,62
209,M,19,0.430077317,0.805501039,,56,26,559,22,48,66
210,M,19,0.818326787,0.816944008,,40,23,146,11,32,22
211,M,20,0.290008589,0.925644692,,50,26,301,12,41,48
212,M,19,0.878105826,0.932238057,,36,18,175,11,30,45
213,M,20,0.658428155,0.943432243,,68,28,269,17,34,60
214,M,20,-0.461593007,0.521531271,,46,25,521,26,45,62
215,M,20,0.829236112,0.832751398,,58,30,309,18,37,37
216,M,22,0.729038718,0.881117192,,58,22,525,19,43,69
217,M,18,-0.207271383,0.966614906,,58,26,163,27,38,51
218,M,19,0.831990977,0.960098867,,36,32,174,14,39,57
219,M,21,-0.081407845,0.049833357,,63,32,473,19,47,69
220,M,20,-2.90E-05,-0.085803032,,27,20,378,10,41,46
221,F,19,0.54957671,0.889017434,,50,24,512,17,47,65
222,M,21,0.904512379,0.956644526,,53,27,277,11,34,50
223,F,21,0.004955338,0.583888726,,45,20,211,7,30,28
224,M,20,0.409549809,0.954495857,,67,33,303,19,44,56
225,M,21,-0.099860343,-0.321496744,,71,27,344,19,46,64
226,M,19,0.529112124,0.827526545,,51,27,257,18,48,62
227,M,19,0.877972216,0.885058408,,44,31,184,14,34,51
228,M,20,0.768905276,0.884285219,,64,30,324,22,43,64
229,M,21,0.838407589,0.898315691,,65,24,303,18,39,48
230,M,20,0.899742709,0.963477539,,36,29,193,9,34,56
231,M,21,0.62115708,0.424114052,,52,34,397,23,45,70
232,M,20,0.804468013,0.875749312,,49,27,265,11,32,18
233,M,21,-0.124418118,0.866980713,0,51,34,303,11,40,62
234,M,22,0.380469487,0.922597454,,63,31,283,13,41,64
235,M,20,0.100109163,0.920161177,,65,31,411,14,45,44
236,M,20,0.590056419,0.868335949,,52,19,191,10,41,51
237,M,20,0.377141547,0.629511922,,56,29,347,16,43,50
238,M,19,0.791213654,0.964064537,,62,33,228,18,46,57
239,M,22,0.688137375,0.763632065,0,72,34,399,18,43,68
240,M,19,0.740227145,0.921096822,,55,31,318,16,45,68
241,M,21,0.905457928,0.849131791,,48,20,216,8,43,62
242,M,21,0.670605112,0.872669568,,63,34,567,26,48,55
243,M,20,0.290038328,0.958006452,,38,27,206,21,33,31
244,M,20,0.798454041,0.675058278,,44,25,231,10,30,42
245,M,20,0.947786094,0.966261336,,47,25,360,10,38,54
246,M,18,0.751671679,0.874563794,,34,19,246,10,37,42
247,M,20,0.136356951,0.387665025,,44,27,247,17,39,61
248,M,20,0.380366924,0.938369693,,48,28,251,17,39,56
249,M,20,0.308720819,0.712891222,,54,29,338,22,39,61
250,M,21,0.918008244,0.944238664,,59,31,385,22,43,63
251,M,18,-0.438433688,0.178957295,,52,24,292,20,47,60
252,M,21,0.773607978,0.758025933,,57,23,223,13,43,44
253,M,21,0.203574819,0.956743659,,46,29,314,13,46,61
254,M,20,0.673435198,0.81953084,0,53,22,579,23,47,73
255,M,20,-0.34535891,0.524895771,,51,26,425,11,48,62
256,M,19,0.863295475,0.901981033,,46,33,304,21,47,47
257,M,21,0.766572162,0.93800336,,64,32,248,17,43,62
258,M,19,-0.32390515,0.803367762,,36,20,176,12,26,35
259,F,21,0.631738368,0.536059671,0,58,28,418,15,47,56
260,M,21,-0.036263276,0.962664952,,56,30,388,27,46,60
261,M,19,-0.328001048,0.924189556,,51,23,257,15,41,43
262,M,20,0.812440409,0.917215216,,66,33,437,16,46,59
263,M,23,0.873523936,0.917666319,,64,25,307,17,44,59
264,M,21,0.759592157,0.916286467,,69,31,296,10,33,56
265,M,21,0.947205539,0.971357245,,65,24,339,11,37,65
266,M,19,0.336955503,0.648070174,,59,30,269,14,38,37
267,M,19,0.564178355,0.955848753,,70,32,267,18,44,55
268,M,20,0.907864502,0.934276188,,53,23,284,12,43,64
269,M,21,0.766927484,0.824708736,0,52,28,307,19,41,59
270,M,20,0.562421936,0.445568688,,68,26,300,17,41,51
271,M,19,0.815498246,0.895034934,,45,33,468,13,38,53
272,F,19,0.802662717,0.831643776,,45,22,311,10,24,34
273,M,19,0.149789935,0.77890619,,53,21,298,12,36,42
274,M,20,0.119843065,0.906660414,,70,25,515,21,44,51
275,M,20,0.797612266,0.970741753,,41,28,180,13,29,32
276,M,20,-0.118369924,0.173454122,,53,27,310,13,34,63
277,M,19,0.954071528,0.958794376,,54,21,239,15,35,53
278,F,19,-0.078291809,0.461865006,,56,22,337,13,45,30
279,M,19,0.573045466,0.852971077,,61,31,268,22,42,42
280,M,19,0.951343457,0.931940892,,57,26,571,15,48,58
281,M,19,0.61333876,0.853156913,,63,28,419,12,47,57
282,M,21,-0.560654157,0.95657126,,67,29,388,18,40,60
283,M,22,0.420729389,0.931157576,,54,23,419,13,47,49
284,M,18,0.675019629,0.882820811,,48,27,278,12,36,50
285,M,21,0.935648707,0.899075406,,61,32,341,19,45,72
286,M,20,-0.315329395,-0.325959405,,29,22,226,5,30,31
287,F,21,0.269283935,0.66382938,,41,30,222,19,33,45
288,M,20,0.350617234,0.128139405,,30,17,190,8,25,31
289,M,21,0.839418369,0.80812586,,58,26,190,27,38,60
290,M,19,-0.359904456,0.040164281,,61,26,270,13,23,32
291,M,19,0.760076572,0.731257416,,55,27,362,16,24,60
292,M,20,0.715148704,0.514369224,,68,33,347,18,48,54
293,M,19,0.923119973,0.872790121,,50,27,308,11,45,50
294,M,22,0.873450878,0.961646675,,67,25,581,13,46,42
295,M,23,0.691914856,0.828490509,0,63,27,327,15,46,55
296,M,18,-0.191070487,-0.136561181,,25,22,270,14,35,45
297,M,19,0.05639886,0.973236003,,53,27,365,17,48,58
298,M,22,-0.168640822,0.066051796,,55,26,535,19,48,54
299,M,22,0.653590264,0.96744942,,70,27,418,21,48,62
300,M,21,0.890542455,0.969837792,0,69,28,579,23,47,66
301,M,21,0.932848889,0.967236373,,34,30,181,13,39,48
302,M,20,0.858354757,0.899826798,,50,24,229,14,28,33
303,M,21,0.049230197,0.245078172,,57,27,271,8,35,40
304,M,21,0.743328646,0.120552236,1,55,30,527,23,48,76
305,M,19,0.5924971,0.52387608,,72,26,283,29,44,53
306,M,20,-0.219868801,0.945981517,0,60,29,327,20,40,58
307,M,21,-0.135304283,0.478983605,1,64,34,381,15,48,67
308,M,20,0.69187454,0.762668185,,72,30,371,22,47,49
309,M,20,0.496607262,0.797725321,,49,26,299,18,43,38
310,M,21,0.809650503,0.87810803,,46,31,265,18,36,41
311,M,21,0.316868378,0.954429283,,53,22,357,13,44,52
312,M,19,0.928602882,0.960070879,,52,32,264,18,38,49
313,M,20,0.955003433,0.928521876,,56,31,399,15,42,69
314,M,20,-0.007674164,-0.064343607,,53,28,279,14,37,53
315,M,22,0.331283866,0.96771241,0,62,33,267,23,41,62
316,M,21,0.931735828,0.880250836,0,61,26,431,20,45,58
317,M,20,0.543660439,0.911054003,,63,29,491,18,47,68
318,F,20,0.902996091,0.894447421,,62,25,315,14,44,64
319,M,19,0.890464249,0.959400051,,55,29,338,13,45,58
320,M,20,0.648834805,0.96393823,,43,27,323,16,43,61
321,M,18,0.848330739,0.809337696,,61,21,338,23,46,46
322,F,20,0.467066121,0.377998324,0,68,24,567,19,47,70
323,M,21,0.168543451,0.834068806,,48,23,577,8,46,58
324,M,20,0.806083993,0.909485823,0,65,28,260,26,36,66
325,M,20,0.934540908,0.884035537,,38,15,248,11,33,32
326,M,23,0.562707175,0.783648955,0,49,32,560,19,48,61
327,M,21,0.429181599,0.375198999,1,55,30,534,21,46,63
328,M,22,0.807414782,0.611501522,,50,25,507,25,41,62
329,M,20,0.799945867,0.893219722,,39,27,241,15,39,31
330,M,18,0.797223011,0.777903147,,53,25,227,14,35,59
331,M,19,0.310403311,0.957349769,,40,29,-226,11,36,45
332,M,21,0.667155454,0.751921664,,47,22,221,24,48,56
333,M,19,0.348074463,0.860304682,,68,29,409,16,44,46
334,M,20,-0.115077417,0.036809335,,41,15,175,17,43,50
335,M,20,0.488038391,0.521473856,,63,31,468,14,45,51
336,M,20,0.626577533,0.899767125,,42,30,236,15,36,55
337,M,19,0.526884109,0.272905301,,51,29,268,14,36,49
338,M,19,-0.377093557,-0.403059512,,39,23,203,15,32,40
339,M,19,0.818608832,0.818318991,,55,19,335,19,42,62
340,M,20,0.921584641,0.799876997,,49,27,233,18,32,52
341,F,19,-0.138670345,0.315676591,,51,21,264,9,37,48
342,M,21,-0.421031389,0.086797644,,66,30,353,17,37,65
343,M,19,0.120764866,0.200109569,,47,31,290,16,37,50
344,M,22,0.315056279,0.817009696,,58,22,379,11,45,67
345,M,19,-0.292350929,-0.103092667,,34,32,163,12,35,31
346,M,20,0.221342856,0.383802647,,45,24,272,10,33,45
347,M,21,0.394568545,0.733944855,0,53,30,459,25,45,66
348,M,21,0.426506529,0.565512495,,53,32,274,17,36,54
349,M,20,0.807050881,0.872446099,,55,19,245,18,43,52
350,M,22,0.453010693,0.775081492,,54,20,543,14,46,64
351,F,21,-0.24536988,0.341902269,,60,26,297,13,45,29
352,M,19,0.699078729,0.619354132,,52,21,372,9,39,45
353,M,22,0.79369234,0.811332435,,69,28,453,25,44,69
354,M,21,0.845988249,0.879208648,,42,19,289,11,30,48
355,M,20,-0.25733583,0.508943122,,54,25,536,14,48,52
356,M,19,-0.398534295,-0.29390535,,39,22,257,14,38,62
357,M,21,0.215860484,0.806807839,,74,29,298,22,43,75
358,M,20,0.285516435,0.79059245,,53,28,264,19,43,54
359,M,20,0.75988743,0.951399422,,63,22,347,15,41,56
360,M,19,0.81109416,0.818579368,,46,26,295,12,42,56
361,M,21,0.172819251,0.954813961,,36,31,207,9,40,64
362,M,20,0.953219139,0.968052291,,68,33,441,21,47,74
363,M,20,0.645372445,0.705658973,,59,26,267,18,40,60
364,M,20,-0.226079671,0.300890706,,49,26,363,12,32,50
365,M,19,0.726852641,0.832120004,,40,26,-74,14,32,52
366,M,20,0.230461608,0.668779173,,57,32,435,23,47,59
367,M,20,0.374582652,0.746893935,,46,25,207,14,37,55
368,M,21,0.818493276,0.845360207,,58,25,220,10,31,57
369,M,19,-0.445950772,0.087619789,,52,26,339,18,44,54
370,M,21,0.530477131,0.878184632,,44,29,346,12,45,56
371,M,20,0.397615605,0.873122646,,48,25,343,13,46,54
372,M,20,-0.019552634,0.955711468,,55,28,301,14,33,46
373,M,21,0.53469628,0.323510191,,66,27,263,11,40,50
374,M,20,0.808375694,0.749825086,,62,23,389,18,41,57
375,M,19,-0.123460645,0.354398171,,58,31,271,14,41,28
376,M,20,0.796108462,0.447166875,,49,27,253,10,33,55
377,M,21,0.788668055,0.927996265,,59,30,225,15,40,49
378,M,21,0.903419588,0.928266856,,57,26,289,21,44,64
379,M,20,-0.039474792,0.311638691,,51,25,336,23,46,46
380,M,19,0.187714513,-0.128666227,,54,26,288,20,44,50
381,M,19,0.506677186,0.927813628,,47,28,189,15,36,41
382,M,21,0.812529927,0.961306817,0,68,30,571,21,47,68
383,M,20,0.734460665,0.641122376,,74,28,309,25,45,54
384,M,23,-0.084647469,0.966639877,,66,29,386,22,48,74
385,M,21,0.805883956,0.94673188,,59,22,219,9,31,50
386,M,21,0.395360069,0.949314958,,53,30,277,19,45,71
387,M,21,-0.437281922,0.453740603,,49,22,417,19,44,63
388,M,23,-0.073223123,-0.053232049,,42,23,279,15,36,63
389,M,20,0.64915964,0.753207345,,54,27,252,12,39,44
390,M,22,0.198036246,0.676326624,,31,22,274,8,30,54
391,M,22,-0.153199005,-0.600078087,,46,24,230,18,31,35
392,M,19,0.807913425,0.846345904,,45,23,196,19,42,49
393,M,19,0.735447229,0.922617831,,39,30,268,15,38,46
394,M,18,-0.032359291,0.750271904,,42,23,207,14,38,52
395,M,19,0.936746422,0.941071908,0,50,33,188,12,38,72
396,M,19,-0.100141753,0.957287495,,43,19,198,16,35,48
397,M,20,0.942202943,0.964307092,,63,24,290,14,41,67
398,M,19,0.805402489,0.879403149,,53,22,234,21,48,54
399,F,19,0.888454811,0.955314135,,60,28,278,14,41,57
400,M,20,0.269708419,0.265228788,,35,25,215,13,32,54
401,M,19,0.015925473,0.890528205,,44,24,238,10,27,38
402,M,20,0.869056688,0.844649165,,50,23,432,22,42,55
403,M,19,-0.349097963,-0.457487802,,53,24,434,23,48,50
404,M,18,0.561753781,0.044053749,,51,28,228,16,36,47
405,M,22,0.243999163,0.572887454,,40,23,237,6,20,48
406,M,21,0.579264051,0.967033275,,58,28,371,22,48,62
407,M,19,-0.242382456,0.696961212,,51,27,375,14,33,61
408,M,20,0.139566635,0.733932261,0,69,32,476,24,46,69
409,M,21,0.875757868,0.868126708,,43,26,405,15,43,54
410,M,19,0.274936591,0.960949608,,67,31,401,25,47,63
411,M,21,0.601403041,0.819244017,,44,25,280,11,31,38
412,M,19,0.84343655,0.780190455,,43,27,237,18,44,62
413,M,21,0.75911087,0.96947944,,69,33,475,15,46,59
414,M,19,0.207078336,0.791813578,,38,28,236,18,35,44
415,M,18,-0.143981375,0.093692027,,50,28,278,15,39,48
416,M,20,-0.173403346,0.969291604,,63,25,222,21,47,70
417,M,21,0.277249599,0.964309161,,49,25,295,12,44,44
418,M,20,0.862472974,0.876557028,,55,23,358,17,38,56
419,M,21,-0.319947112,-0.132822931,,51,29,265,14,35,56
420,M,19,0.876041259,0.94740354,,39,30,172,17,31,42
421,F,21,0.437126481,0.967214454,,47,23,396,29,47,58
422,M,21,0.730200039,0.746050253,,61,29,481,19,43,58
423,M,20,0.496971428,0.779665469,,54,29,263,10,38,63
424,M,20,0.619223918,0.873676652,,57,32,281,24,45,58
425,M,21,0.679872675,0.741363436,,51,25,355,14,36,52
426,M,22,-0.419625098,0.02881934,,44,24,257,12,22,51
427,M,21,-0.490673864,0.792544376,,53,28,208,23,38,42
428,F,18,0.714372505,0.95092206,,49,16,372,11,45,41
429,M,18,-0.068377972,0.159568815,,47,29,247,9,35,48
430,M,21,0.431232954,0.716122448,1,56,30,455,17,43,75
431,M,21,0.007246382,0.023039105,,36,21,294,16,37,58
432,M,22,0.758815978,0.968649181,,72,29,382,22,45,55
433,M,20,-0.475064837,0.968867669,,48,30,209,16,38,40
434,M,20,0.789870993,0.969094418,,39,28,222,19,44,52
435,M,20,0.628623031,0.964927051,,60,26,269,12,38,49
436,M,22,0.805899776,0.937418325,,40,27,516,12,43,62
437,M,20,0.77178307,0.702823014,,65,34,226,18,36,63
438,F,20,-0.500210195,-0.22662902,,43,25,255,11,39,25
439,M,18,0.937624417,0.964569924,,60,24,361,21,39,53
440,M,19,-0.273357139,0.354728182,,38,28,202,11,38,54
441,M,21,0.741976509,0.661674175,,71,35,358,15,40,65
442,M,21,0.68503169,0.858560447,,49,26,311,8,47,59
443,M,20,-0.347196798,-0.01856678,,67,33,225,17,36,55
444,F,21,0.770835249,0.948758346,,60,21,443,17,43,49
445,M,18,0.541849416,0.919050226,,71,23,427,21,46,56
446,M,20,0.704517866,0.861240345,,43,25,232,10,32,47
447,M,20,0.819391287,0.742656416,,59,26,390,14,48,55
448,M,21,-0.007962905,0.956901975,,56,26,268,22,38,31
449,F,20,-0.472821307,-0.173651243,,70,22,390,11,43,33
450,M,22,0.8739524,0.751114084,,41,24,337,19,40,63
451,M,21,0.21690876,0.728844689,0,55,30,321,15,42,58
452,M,18,0.112525297,0.820156649,,53,26,297,13,35,41
453,M,23,-0.153200089,0.783308365,,36,23,238,15,34,41
454,F,18,0.798333217,0.770503726,,56,23,309,15,42,40
455,M,20,0.47714489,0.666041653,,37,31,213,9,33,50
456,M,23,-0.32993964,0.81140525,,44,20,381,14,39,61
457,M,19,0.883666584,0.959044669,,38,25,200,9,43,47
458,M,20,0.097062714,0.615579181,,57,28,248,11,37,48
459,M,20,0.248099931,0.686010144,,53,31,552,16,36,50
460,M,22,0.798790194,0.782902751,,47,27,289,16,47,56
461,M,20,0.881947507,0.778760282,,55,27,286,19,38,56
462,M,21,0.392104176,0.723218202,,62,27,233,8,10,46
463,M,22,0.805507969,0.78072148,,58,31,275,17,44,65
464,M,19,-0.195105293,0.965749348,,56,29,261,17,45,61
465,M,18,-0.07811532,-0.144158823,,38,25,146,10,34,44
466,M,23,0.630614652,0.822914396,1,73,31,572,20,47,57
467,M,19,0.387150406,0.734895664,,52,28,308,11,37,52
468,M,22,0.939572836,0.958094903,,41,19,219,14,46,65
469,M,20,0.251101411,0.938691657,,46,23,329,11,42,51
470,M,19,0.39556406,0.669511356,,44,21,270,9,27,49
471,F,21,0.006629654,0.947304428,,45,23,205,10,34,34
472,M,21,0.900654771,0.945306417,,44,30,351,11,34,41
473,M,21,-0.408533732,0.738827321,,72,32,402,9,39,45
474,M,21,-0.378179541,0.506919442,,42,19,236,4,33,40
475,M,19,0.825648957,0.866032883,,68,30,317,17,39,53
476,F,24,0.713669038,0.95050456,,57,26,461,30,47,63
477,M,28,0.530871526,0.766669722,,63,25,541,21,46,55
478,M,22,-0.128502915,0.324552892,,42,20,299,13,39,58
479,M,27,0.452359656,0.889082305,,45,27,561,23,37,40
480,M,21,0.408226429,0.944287176,,37,25,518,27,40,60
481,M,26,0.951175693,0.950738752,,52,22,505,24,41,53
482,M,25,0.077255393,0.605169176,,44,29,383,21,43,51
483,M,27,0.745320955,0.927821348,,64,29,312,21,31,54
484,M,23,0.478261167,0.567770837,,43,26,445,22,46,56
485,M,28,0.890163441,0.958515833,,58,25,569,30,47,64
486,F,23,0.915812334,0.971310444,,64,29,257,22,45,25
487,M,27,0.805424437,0.736700647,,71,34,530,28,48,75
488,M,23,0.122576983,0.068933089,,50,31,234,23,42,48
489,M,26,0.116919076,0.843295432,,44,23,510,13,36,36
490,M,25,-0.369264799,-0.28092549,,70,28,563,29,48,72
491,M,25,-0.169718241,0.418926571,,53,32,413,28,48,58
492,M,27,0.664994058,0.514031634,,49,29,533,26,45,68
493,M,25,0.592699933,0.965409264,,72,34,453,29,44,52
494,M,24,0.726456497,0.856312355,,56,20,363,15,40,41
495,M,25,-0.102272125,0.948594926,,63,31,366,29,48,70
496,M,28,0.8452111,0.854361495,,33,14,573,18,42,60
497,M,30,-0.126993857,0.337255859,,53,25,534,28,48,73
498,M,22,0.446882127,0.797885436,,51,21,579,20,42,72
499,M,28,0.756642672,0.884150156,,44,31,485,29,47,69
500,M,25,0.83657043,0.953198455,,47,26,285,24,44,39
501,M,29,0.924748838,0.972802187,,63,27,239,21,44,45
502,M,20,0.523432269,0.739053267,,47,27,543,26,48,65
503,M,27,0.63455126,0.72619325,,66,30,340,21,41,60
504,M,27,0.767826887,0.886034932,,69,32,518,10,48,71
505,F,24,0.42980914,0.348477182,,55,22,348,7,30,46
506,M,25,-0.278546542,0.695574233,,61,27,341,15,43,56
507,M,24,-0.069154183,0.885654661,,58,32,581,27,46,61
508,M,25,-0.30133793,0.197282536,,59,27,531,16,44,57
509,M,30,0.517608046,0.754363521,,61,33,231,20,36,47
510,M,26,0.818350672,0.828220865,,47,31,486,30,48,68
511,M,28,0.586672103,0.193627572,,60,24,131,23,40,51
512,F,27,0.861624185,0.877169408,,75,35,491,12,45,46
513,M,27,0.740238707,0.884655106,,59,28,358,18,39,58
514,M,28,0.517254472,0.39799647,,34,32,274,16,33,51
515,M,25,-0.302983013,0.686530805,,38,26,219,12,23,57
516,M,27,0.568090155,0.588085444,,35,25,581,26,42,59
517,M,24,0.3858156,0.657575229,,54,21,567,22,44,63
518,M,27,0.454095182,0.935386484,,61,32,518,28,46,64
519,M,23,0.688108501,0.852126264,,38,30,380,27,41,53
520,M,22,0.94060794,0.974912659,,45,14,320,12,46,51
521,M,21,0.860613909,0.963395017,,52,27,493,12,42,61
522,M,30,-0.534421653,-0.491417755,,40,25,277,15,40,49
523,F,25,0.878739233,0.803614959,,39,23,266,22,40,42
524,M,25,-0.315425046,0.843162241,,59,26,543,26,48,50
525,M,28,-0.101194402,0.966147642,,69,33,309,18,47,64
526,M,26,0.05512465,0.861131351,,67,35,565,22,46,72
527,M,26,0.53660718,0.873495415,,51,29,295,20,43,50
528,F,30,0.844384373,0.96528244,,56,31,327,18,46,37
529,M,24,0.17219327,0.251758438,,58,30,290,21,40,53
530,M,28,0.009732119,0.646428743,,61,28,307,18,46,48
531,M,26,0.601164502,0.430396151,,49,33,186,23,42,54
532,M,31,0.356256797,0.586940703,,50,27,267,20,44,59
533,M,23,0.566995892,0.961713025,,48,32,312,18,43,71
534,M,26,0.886524712,0.934893719,,58,22,415,24,42,66
535,M,29,0.078748103,0.921191832,,63,33,322,21,47,66
536,M,28,0.716864504,0.854677825,,48,27,325,24,42,72
537,M,22,0.046620036,0.425654825,,57,35,490,8,46,67
538,M,29,0.243441265,0.819180548,,60,32,297,16,34,55
539,M,30,-0.364844182,0.861123727,,30,21,-201,8,28,40
540,M,23,0.171186913,0.480780633,,47,26,329,20,45,56
541,M,28,0.203865769,-0.191806213,,37,25,216,17,36,59
542,M,25,0.623869172,0.578641249,,44,24,217,5,30,41
543,M,30,-0.094516347,-0.177887369,,39,18,122,10,25,42
544,M,25,0.79207053,0.893590178,,44,27,434,24,46,71
545,M,29,0.874572652,0.896835937,,73,29,469,26,48,66
546,F,23,0.426195663,0.820275222,,69,28,480,22,44,54
547,M,28,0.013832076,0.927346951,,67,32,439,22,48,63
548,M,30,0.096045665,0.970127516,,41,31,504,29,44,60
549,M,25,0.819962115,0.97463083,,69,30,493,28,46,46
550,M,26,0.160633601,0.816646354,,46,32,272,6,36,65
551,M,26,-0.719465965,0.071176373,,50,24,213,10,31,52
552,M,26,-0.004504232,0.171705111,,57,23,508,15,40,64
553,M,28,-0.267674528,0.919064553,,62,29,295,18,39,55
554,M,26,-0.099412477,0.874445184,,64,30,355,26,46,66
555,M,23,0.887201407,0.864680404,,31,31,217,23,35,47
556,F,27,-0.278479934,-0.166594805,,10,10,165,8,9,31
